game_id,team_a,team_b,is_home,shots_avg,shots_on_target_avg,goals_avg,box_entries_avg,final_third_entries_avg,crosses_attempted_avg,crosses_success_rate_avg,progressive_passes_success_avg,passes_attempted_avg,pass_success_rate_avg,long_pass_attempted_avg,recoveries_avg,interceptions_avg,tackles_avg,duels_success_rate_avg,defensive_third_turnovers_avg,shots_conceded_avg,shots_on_target_conceded_avg,goals_conceded_avg,box_entries_conceded_avg,final_third_entries_conceded_avg,crosses_attempted_conceded_avg,crosses_success_rate_conceded_avg,progressive_passes_success_conceded_avg,passes_attempted_conceded_avg,pass_success_rate_conceded_avg,long_pass_attempted_conceded_avg,recoveries_conceded_avg,interceptions_conceded_avg,tackles_conceded_avg,duels_success_rate_conceded_avg,defensive_third_turnovers_conceded_avg,diff_shots,diff_shots_on_target,diff_goals,diff_box_entries,diff_final_third_entries,diff_crosses_attempted,diff_crosses_success_rate,diff_progressive_passes_success,diff_passes_attempted,diff_pass_success_rate,diff_long_pass_attempted,diff_recoveries,diff_interceptions,diff_tackles,diff_duels_success_rate,diff_defensive_third_turnovers,actual_result
126283,울산 HD FC,포항 스틸러스,True,0.0,0.0,0.0,0.0,0.0,0.0,0.0,0.0,0.0,0.0,0.0,0.0,0.0,0.0,0.0,0.0,0.0,0.0,0.0,0.0,0.0,0.0,0.0,0.0,0.0,0.0,0.0,0.0,0.0,0.0,0.0,0.0,0.0,0.0,0.0,0.0,0.0,0.0,0.0,0.0,0.0,0.0,0.0,0.0,0.0,0.0,0.0,0.0,win
126284,전북 현대 모터스,대전 하나 시티즌,True,0.0,0.0,0.0,0.0,0.0,0.0,0.0,0.0,0.0,0.0,0.0,0.0,0.0,0.0,0.0,0.0,0.0,0.0,0.0,0.0,0.0,0.0,0.0,0.0,0.0,0.0,0.0,0.0,0.0,0.0,0.0,0.0,0.0,0.0,0.0,0.0,0.0,0.0,0.0,0.0,0.0,0.0,0.0,0.0,0.0,0.0,0.0,0.0,draw
126285,광주FC,FC서울,True,0.0,0.0,0.0,0.0,0.0,0.0,0.0,0.0,0.0,0.0,0.0,0.0,0.0,0.0,0.0,0.0,0.0,0.0,0.0,0.0,0.0,0.0,0.0,0.0,0.0,0.0,0.0,0.0,0.0,0.0,0.0,0.0,0.0,0.0,0.0,0.0,0.0,0.0,0.0,0.0,0.0,0.0,0.0,0.0,0.0,0.0,0.0,0.0,win
126286,인천 유나이티드,수원FC,True,0.0,0.0,0.0,0.0,0.0,0.0,0.0,0.0,0.0,0.0,0.0,0.0,0.0,0.0,0.0,0.0,0.0,0.0,0.0,0.0,0.0,0.0,0.0,0.0,0.0,0.0,0.0,0.0,0.0,0.0,0.0,0.0,0.0,0.0,0.0,0.0,0.0,0.0,0.0,0.0,0.0,0.0,0.0,0.0,0.0,0.0,0.0,0.0,loss
126287,강원FC,제주SK FC,True,0.0,0.0,0.0,0.0,0.0,0.0,0.0,0.0,0.0,0.0,0.0,0.0,0.0,0.0,0.0,0.0,0.0,0.0,0.0,0.0,0.0,0.0,0.0,0.0,0.0,0.0,0.0,0.0,0.0,0.0,0.0,0.0,0.0,0.0,0.0,0.0,0.0,0.0,0.0,0.0,0.0,0.0,0.0,0.0,0.0,0.0,0.0,0.0,draw
126288,대구FC,김천 상무 프로축구단,True,0.0,0.0,0.0,0.0,0.0,0.0,0.0,0.0,0.0,0.0,0.0,0.0,0.0,0.0,0.0,0.0,0.0,0.0,0.0,0.0,0.0,0.0,0.0,0.0,0.0,0.0,0.0,0.0,0.0,0.0,0.0,0.0,0.0,0.0,0.0,0.0,0.0,0.0,0.0,0.0,0.0,0.0,0.0,0.0,0.0,0.0,0.0,0.0,loss
126289,수원FC,전북 현대 모터스,True,16.0,0.0,1.0,19.0,45.0,33.0,0.24242424242424243,113.0,522.0,0.8773946360153256,105.0,100.0,51.0,33.0,1.0,62.0,7.0,0.0,1.0,6.0,14.0,8.0,0.25,43.0,308.0,0.7467532467532467,56.0,93.0,51.0,19.0,1.0,51.0,-4.0,0.0,-1.0,2.0,16.0,6.0,-0.25,25.0,95.0,0.07954948277528928,28.0,-16.0,5.0,9.0,0.0,22.0,draw
126290,포항 스틸러스,대구FC,True,16.0,0.0,0.0,16.0,33.0,29.0,0.27586206896551724,80.0,356.0,0.7865168539325843,74.0,102.0,35.0,25.0,1.0,63.0,7.0,0.0,1.0,12.0,15.0,9.0,0.2222222222222222,46.0,438.0,0.8264840182648402,64.0,74.0,56.0,36.0,1.0,56.0,-2.0,0.0,-1.0,-2.0,9.0,5.0,-0.07936507936507936,12.0,-7.0,0.006462617466018283,4.0,-4.0,-14.0,-11.0,0.0,16.0,win
126291,김천 상무 프로축구단,울산 HD FC,True,11.0,0.0,1.0,11.0,42.0,17.0,0.29411764705882354,94.0,578.0,0.8667820069204152,81.0,82.0,37.0,17.0,1.0,48.0,5.0,0.0,0.0,10.0,24.0,14.0,0.14285714285714285,58.0,431.0,0.8329466357308585,68.0,70.0,42.0,25.0,1.0,40.0,2.0,0.0,1.0,2.0,-9.0,-5.0,0.07936507936507936,-12.0,7.0,-0.006462617466018283,-4.0,4.0,14.0,11.0,0.0,-16.0,loss
126292,제주SK FC,대전 하나 시티즌,True,7.0,0.0,1.0,6.0,14.0,8.0,0.25,43.0,308.0,0.7467532467532467,56.0,93.0,51.0,19.0,1.0,51.0,16.0,0.0,1.0,19.0,45.0,33.0,0.24242424242424243,113.0,522.0,0.8773946360153256,105.0,100.0,51.0,33.0,1.0,62.0,-5.0,0.0,0.0,0.0,-18.0,-18.0,-0.04242424242424242,-56.0,-97.0,-0.04445345954473745,-29.0,4.0,-2.0,-4.0,0.0,12.0,win
126293,광주FC,강원FC,True,17.0,0.0,1.0,9.0,28.0,15.0,0.13333333333333333,80.0,406.0,0.8300492610837439,79.0,84.0,49.0,22.0,1.0,88.0,11.0,0.0,1.0,19.0,27.0,15.0,0.2,57.0,425.0,0.8329411764705882,76.0,104.0,49.0,29.0,1.0,50.0,4.0,0.0,1.0,-8.0,-4.0,2.0,0.09411764705882353,15.0,-66.0,0.05006718007537281,-15.0,-35.0,4.0,-3.0,0.0,-37.0,win
126294,FC서울,인천 유나이티드,True,8.0,0.0,0.0,17.0,41.0,32.0,0.15625,98.0,560.0,0.8785714285714286,74.0,83.0,55.0,13.0,1.0,40.0,3.0,0.0,0.0,8.0,30.0,14.0,0.0,68.0,403.0,0.826302729528536,84.0,77.0,56.0,28.0,1.0,29.0,7.0,0.0,0.0,8.0,-9.0,15.0,0.2413793103448276,-13.0,47.0,0.013697270471463963,-3.0,7.0,-22.0,8.0,0.0,-23.0,draw
126295,대전 하나 시티즌,강원FC,True,15.5,0.0,1.0,21.0,31.0,12.5,0.11666666666666667,91.0,426.0,0.8410335991517375,81.0,85.5,35.0,30.0,1.0,66.5,11.0,0.0,2.0,13.0,24.0,15.0,0.2,69.5,437.0,0.8463146862308397,71.5,91.0,41.5,21.0,1.0,82.0,-3.5,0.0,-1.0,-1.5,-1.5,-3.5,0.024999999999999994,-16.5,-76.0,-0.0804259855595304,7.0,1.5,2.0,3.0,0.0,35.5,draw
126296,대구FC,수원FC,True,13.0,0.0,0.5,19.0,44.5,25.5,0.0945945945945946,107.0,512.0,0.878529786664429,83.0,90.0,44.5,23.5,1.0,40.0,8.5,0.0,0.5,13.0,25.5,22.5,0.1935096153846154,63.5,389.0,0.8269003931847969,64.0,79.0,50.5,21.5,1.0,34.0,4.5,0.0,0.0,-3.5,-0.5,2.0,0.06942141909814323,-4.0,-38.0,-0.023237341941048095,1.0,8.0,-13.0,10.0,0.0,-23.5,draw
126297,FC서울,제주SK FC,True,8.5,0.0,1.0,13.0,21.5,14.0,0.17692307692307693,62.5,396.5,0.8118510230179028,73.0,86.5,51.0,23.5,1.0,52.5,12.5,0.0,1.0,13.0,29.5,15.0,0.16666666666666669,71.5,410.0,0.807536707836558,90.0,88.0,42.5,25.5,1.0,65.0,-5.5,0.0,-1.0,0.0,0.5,8.0,-0.01656524678837054,17.0,136.5,0.0673622035164747,-7.0,-13.5,-2.0,3.5,0.0,-9.5,win
126298,포항 스틸러스,광주FC,True,13.0,0.0,2.5,9.0,22.0,16.0,0.24705882352941178,77.0,404.0,0.8713482762685262,64.0,73.5,43.5,19.5,1.0,100.5,12.0,0.0,0.5,24.5,27.5,19.5,0.1706896551724138,78.5,448.0,0.8460089686098655,82.0,85.5,27.5,37.0,1.0,48.5,-5.0,0.0,1.0,-15.5,-1.0,-5.5,-0.06354679802955666,-4.0,50.0,0.013827181113970743,-8.5,-9.0,16.5,-10.0,0.0,-16.5,win
126299,김천 상무 프로축구단,전북 현대 모터스,True,12.5,0.0,1.0,14.0,27.5,23.0,0.2365967365967366,71.0,370.0,0.8263119969067454,79.5,87.5,48.5,31.5,1.0,45.0,15.0,0.0,1.0,18.0,36.5,22.5,0.2195945945945946,94.5,464.5,0.8387550452767845,69.0,98.0,42.0,19.0,1.0,51.0,-7.5,0.0,0.0,-3.5,-6.5,-6.5,-0.04326609217913566,-13.0,43.5,0.02431395347501275,11.5,-22.0,-3.5,5.5,0.0,-8.0,win
126300,울산 HD FC,인천 유나이티드,True,11.0,0.0,0.0,12.0,31.0,23.0,0.11383928571428571,75.0,474.5,0.8608795446199045,59.5,87.5,47.5,20.5,1.0,38.5,3.5,0.0,0.0,9.0,34.5,15.5,0.029411764705882353,95.0,523.0,0.8680502761173007,84.5,71.0,51.5,25.0,1.0,63.0,5.5,0.0,2.0,10.0,3.0,-2.5,0.33986928104575165,-6.0,-27.0,-0.009538499710233128,-9.5,1.0,-8.0,5.0,0.0,20.5,draw
126301,전북 현대 모터스,울산 HD FC,True,11.666666666666666,0.0,2.3333333333333335,17.0,39.666666666666664,16.666666666666668,0.3017429193899782,98.33333333333333,532.3333333333334,0.8654541319297806,86.0,74.66666666666667,39.666666666666664,27.333333333333332,1.0,59.0,8.333333333333334,0.0,1.0,13.333333333333334,31.0,14.333333333333334,0.09109730848861282,77.66666666666667,454.0,0.8617639443666415,71.33333333333333,68.66666666666667,38.0,19.333333333333332,1.0,43.666666666666664,3.0,0.0,-0.33333333333333337,-0.6666666666666679,-6.666666666666668,8.666666666666666,0.12460486373529851,-13.333333333333343,-40.666666666666686,-0.03355594642881132,13.0,22.0,6.0,8.666666666666668,0.0,-7.333333333333336,draw
126302,인천 유나이티드,대전 하나 시티즌,True,7.333333333333333,0.0,1.0,11.0,24.666666666666668,12.666666666666666,0.19444444444444445,61.0,377.6666666666667,0.7887757598960391,81.66666666666667,85.0,43.0,23.333333333333332,1.0,55.0,10.0,0.0,1.0,12.0,29.0,18.333333333333332,0.1691271691271691,85.66666666666667,491.0,0.8550798512026624,87.66666666666667,82.33333333333333,47.333333333333336,24.666666666666668,1.0,53.0,1.333333333333334,0.0,-0.33333333333333337,0.3333333333333339,-0.33333333333333215,-1.0,-0.09323431198431197,-16.333333333333343,-57.0,0.003070251254044476,-31.66666666666667,-4.666666666666657,1.3333333333333286,-4.333333333333336,0.0,17.666666666666664,win
126303,제주SK FC,포항 스틸러스,True,7.666666666666667,0.0,1.3333333333333333,8.333333333333334,27.666666666666668,14.333333333333334,0.13809523809523808,77.33333333333333,484.6666666666667,0.8599781027270991,82.33333333333333,75.66666666666667,38.333333333333336,24.666666666666668,1.0,78.66666666666667,8.333333333333334,0.0,0.6666666666666666,8.333333333333334,24.0,16.0,0.18137254901960786,63.0,463.6666666666667,0.8680264927244671,62.666666666666664,71.33333333333333,35.0,24.333333333333332,1.0,50.0,0.33333333333333215,0.0,0.0,2.666666666666666,-2.0,-4.666666666666666,-0.0634238310708899,-3.6666666666666643,-66.0,-0.05762581071253181,8.666666666666664,13.0,15.666666666666664,0.3333333333333357,0.0,-5.666666666666664,loss
126304,수원FC,김천 상무 프로축구단,True,6.666666666666667,0.0,1.0,11.0,26.333333333333332,13.0,0.1651713825626869,76.33333333333333,476.3333333333333,0.8522154906932885,75.33333333333333,77.33333333333333,46.0,27.0,1.0,66.33333333333333,10.666666666666666,0.0,1.0,17.666666666666668,28.0,20.333333333333332,0.2980731856294075,71.66666666666667,423.3333333333333,0.8229194666087679,79.0,87.0,40.0,29.666666666666668,1.0,54.333333333333336,4.0,0.0,-0.33333333333333337,-3.666666666666668,7.666666666666664,3.666666666666668,-0.15564504320126507,24.666666666666657,124.33333333333331,0.06702123123213855,1.0,-0.6666666666666714,-1.0,-5.333333333333336,0.0,-2.0,loss
126305,강원FC,FC서울,True,6.333333333333333,0.0,0.3333333333333333,12.0,29.0,20.0,0.10006761325219743,86.0,503.0,0.8605095306456115,80.33333333333333,84.33333333333333,41.666666666666664,28.0,1.0,75.0,12.666666666666666,0.0,0.6666666666666666,8.333333333333334,22.333333333333332,12.333333333333334,0.12184873949579833,59.0,382.6666666666667,0.8445653390714472,58.0,80.33333333333333,47.666666666666664,27.0,1.0,62.0,0.3333333333333339,0.0,0.33333333333333337,8.999999999999998,7.0,-1.0,-0.0070339246809835165,27.0,95.66666666666663,0.015151743038859244,25.33333333333333,2.6666666666666714,-11.666666666666664,0.6666666666666679,0.0,3.6666666666666643,draw
126306,광주FC,대구FC,True,12.666666666666666,0.0,0.6666666666666666,8.666666666666666,23.0,21.666666666666668,0.21695402298850575,61.333333333333336,338.0,0.8167582734787385,63.0,80.33333333333333,39.666666666666664,37.666666666666664,1.0,61.333333333333336,11.333333333333334,0.0,1.6666666666666667,8.0,20.666666666666668,14.666666666666666,0.1772486772486772,70.66666666666667,540.6666666666666,0.8753240673918384,72.33333333333333,78.66666666666667,43.333333333333336,30.333333333333332,1.0,78.33333333333333,-1.333333333333334,0.0,0.0,1.666666666666666,-1.6666666666666679,-0.33333333333333215,-0.012542794895736037,-0.6666666666666714,-115.66666666666663,0.011070857686536595,-12.666666666666664,-9.666666666666671,-5.0,-11.333333333333332,0.0,-5.333333333333343,loss
126307,포항 스틸러스,수원FC,True,14.25,0.0,0.75,13.5,36.5,23.25,0.20205920205920205,99.25,551.25,0.8894306123486513,87.25,82.75,35.75,21.75,1.0,57.75,9.0,0.0,1.25,11.0,22.75,16.75,0.21133814102564102,56.75,351.0,0.8303975671623806,58.25,70.5,48.25,30.25,1.0,41.75,0.75,0.0,0.25,-0.75,7.0,-0.25,-0.07515801680203854,23.0,150.25,0.03327929481942282,27.5,9.25,-12.25,-10.0,0.0,-31.75,draw
126308,대전 하나 시티즌,울산 HD FC,True,11.75,0.0,2.25,17.5,36.0,15.0,0.2763071895424837,93.25,523.25,0.8638083408828193,85.0,75.25,40.25,25.5,1.0,61.25,9.0,0.0,1.25,11.5,31.0,15.0,0.1418523931311655,80.25,451.75,0.8598061043423968,71.75,73.5,34.75,18.0,1.0,51.0,-0.5,0.0,-0.5,1.0,-3.75,-1.25,0.07751035196687373,-15.0,-43.75,-0.0593064487490248,14.25,11.25,12.75,8.0,0.0,-3.0,win
126309,광주FC,인천 유나이티드,True,10.25,0.0,1.0,11.5,27.75,18.25,0.10453869047619047,69.5,424.5,0.8468954051253584,58.0,81.75,49.75,19.25,1.0,40.25,9.0,0.0,0.75,12.0,37.0,18.0,0.1299019607843137,96.25,537.5,0.8627776844737947,94.0,76.5,49.0,26.5,1.0,67.25,0.75,0.0,0.5,0.5,-7.5,-3.0,0.03774509803921572,-10.25,-72.0,0.02689074102152844,-32.0,-3.5,-12.25,-5.5,0.0,-9.25,loss
126310,FC서울,김천 상무 프로축구단,True,6.75,0.0,1.5,11.0,25.0,11.25,0.2072118702553485,66.0,435.75,0.845371809102769,68.0,72.25,46.5,27.25,1.0,57.25,11.25,0.0,1.0,16.25,30.75,20.5,0.31879298446015086,80.75,458.0,0.8391646889245474,86.5,83.25,36.5,25.75,1.0,56.25,-5.5,0.0,-0.5,-4.0,-3.5,-2.75,-0.19828772906645734,-3.75,19.5,0.025668830630733552,-9.25,-5.25,3.25,3.5,0.0,-9.5,win
126311,제주SK FC,전북 현대 모터스,True,11.25,0.0,1.0,11.0,26.0,21.5,0.2353060409326394,70.25,421.25,0.8346391445207884,81.5,90.0,39.25,24.5,1.0,56.5,11.75,0.0,1.25,14.75,29.25,15.5,0.195511583011583,83.25,459.5,0.8417223832179439,71.25,88.25,46.75,22.5,1.0,62.75,-2.25,0.0,-0.75,-5.25,-8.5,-5.5,-0.023716711216711206,-23.5,-72.5,-0.02687961818786566,-1.75,-9.0,6.75,4.25,0.0,3.75,win
126312,강원FC,대구FC,True,12.75,0.0,1.0,7.75,19.25,22.25,0.20438218390804597,54.5,320.5,0.8159269140642778,61.0,82.0,40.75,39.0,1.0,57.5,10.75,0.0,1.25,11.25,30.75,15.25,0.17705415499533145,86.5,552.25,0.8813652822304205,71.5,80.25,40.5,29.5,1.0,72.5,3.0,0.0,-0.25,4.25,-0.5,-3.0,-0.07427637721755367,0.5,-59.5,-0.01596179900589967,13.25,-1.0,-7.0,-2.75,0.0,3.75,win
126313,울산 HD FC,수원FC,True,14.2,0.0,0.8,11.0,33.0,20.6,0.20164736164736166,87.4,493.8,0.880483883818315,79.6,81.0,38.0,20.8,1.0,50.6,9.8,0.0,1.2,10.4,29.8,19.2,0.1828636162687887,71.6,387.8,0.8489909509261662,62.4,70.4,42.8,26.2,1.0,42.4,2.1999999999999993,0.0,0.6000000000000001,7.200000000000001,5.400000000000002,-1.8000000000000007,0.06040435758742049,21.200000000000003,149.59999999999997,0.02219040191476951,22.6,7.199999999999989,-5.599999999999994,-3.0,0.0,-24.6,win
126314,인천 유나이티드,제주SK FC,True,10.6,0.0,0.8,10.4,19.8,10.6,0.15282051282051282,58.0,369.4,0.8010380916227249,68.0,84.2,53.2,26.0,1.0,60.6,11.6,0.0,1.0,12.2,28.2,19.2,0.13413293353323338,71.2,434.8,0.8219382039480483,84.2,94.0,40.4,23.4,1.0,64.4,-1.799999999999999,0.0,0.3999999999999999,-1.5999999999999996,-1.3999999999999986,-2.599999999999998,0.009498018847719003,-7.800000000000004,-41.60000000000002,0.012294538062686211,-24.800000000000004,-12.799999999999997,8.600000000000001,-4.0,0.0,28.200000000000003,loss
126315,김천 상무 프로축구단,광주FC,True,10.6,0.0,1.4,14.4,42.0,19.6,0.18674922600619195,100.2,513.4,0.8932950240842018,74.2,81.4,32.4,20.2,1.0,74.6,10.8,0.0,1.4,13.6,23.2,17.6,0.20160919540229885,62.6,378.0,0.8298589742652979,76.8,82.2,34.4,31.4,1.0,53.8,-3.000000000000001,0.0,0.0,-2.0,4.600000000000001,-6.000000000000002,-0.020455083813404634,5.999999999999993,72.19999999999999,0.021635323410618135,-9.0,-8.600000000000009,10.800000000000004,-4.199999999999999,0.0,-3.4000000000000057,win
126316,전북 현대 모터스,강원FC,True,13.0,0.0,1.2,13.8,30.4,12.4,0.112991452991453,89.4,485.4,0.869077172544529,87.2,77.2,34.8,26.4,1.0,74.4,8.0,0.0,1.2,12.2,23.4,14.0,0.1716017316017316,60.8,401.2,0.8391219474182934,75.0,78.4,38.4,24.8,1.0,66.6,3.4000000000000004,0.0,-0.3999999999999999,-1.5999999999999996,1.2000000000000028,9.0,0.058022411489207504,4.400000000000006,13.199999999999989,-0.01378789278357484,4.200000000000003,13.199999999999989,1.8000000000000043,1.3999999999999986,0.0,9.799999999999997,loss
126317,대구FC,FC서울,True,7.2,0.0,1.4,11.0,25.4,16.6,0.16307087098162149,77.2,456.2,0.8568263843773785,79.0,79.4,40.6,29.6,1.0,67.8,13.2,0.0,0.8,9.8,27.8,13.0,0.1018271924154277,69.2,438.4,0.858428591150002,66.0,77.6,41.8,26.4,1.0,68.6,-1.5999999999999996,0.0,0.0,-1.200000000000001,-8.8,7.600000000000001,0.09024998328243763,-18.0,-118.0,-0.047562059898579756,-2.0,4.200000000000003,-2.5999999999999943,10.200000000000003,0.0,10.799999999999997,draw
126318,대전 하나 시티즌,포항 스틸러스,True,10.4,0.0,1.4,9.8,35.4,19.0,0.12273720282715786,90.0,508.0,0.8756143867817044,84.4,77.8,33.0,18.2,1.0,67.8,10.2,0.0,0.6,6.2,21.6,12.8,0.21549019607843137,58.0,402.0,0.8553890923909757,60.2,70.4,42.8,24.6,1.0,48.2,-2.3999999999999995,0.0,0.4,4.8,3.1999999999999993,0.3999999999999986,-0.02181818181818182,4.799999999999997,-20.600000000000023,-0.05717118609809635,18.599999999999994,12.599999999999994,4.400000000000006,-0.20000000000000284,0.0,-6.599999999999994,loss
126319,전북 현대 모터스,광주FC,True,8.4,0.0,1.0,15.6,42.0,17.2,0.20792569659442722,94.8,506.4,0.8796563157379724,72.6,83.2,29.6,19.2,1.0,63.4,10.6,0.0,1.6,12.8,26.4,15.6,0.20596491228070174,71.6,391.8,0.8344986659801343,78.2,82.0,33.6,30.0,1.0,58.6,-0.7999999999999989,0.0,-0.8,-2.4000000000000004,-3.599999999999998,5.4,0.009956991021041084,-10.399999999999991,11.199999999999989,-0.010019882634502375,-7.400000000000006,3.5999999999999943,1.3999999999999986,-6.600000000000001,0.0,1.6000000000000014,win
126320,FC서울,포항 스틸러스,True,11.8,0.0,1.8,9.0,33.6,19.6,0.12945989190278812,93.4,540.4,0.8877771675613337,86.6,78.2,32.4,17.6,1.0,76.6,8.4,0.0,0.6,5.4,17.6,10.0,0.2233333333333333,51.8,368.6,0.8460229586467953,59.2,68.6,44.2,25.2,1.0,51.6,-2.2,0.0,0.7999999999999999,3.4000000000000004,8.399999999999999,5.800000000000001,-0.10053832442067732,29.60000000000001,141.2,0.028875849128911724,20.799999999999997,6.800000000000011,-4.600000000000001,1.8000000000000007,0.0,-24.4,loss
126321,울산 HD FC,강원FC,True,11.4,0.0,1.4,16.4,32.8,11.2,0.13076923076923078,91.0,497.2,0.8815619439836941,86.2,74.4,31.4,25.2,1.0,64.6,7.4,0.0,1.2,12.0,25.2,15.6,0.16638434029738375,68.0,409.2,0.8471573680381544,72.4,71.6,33.6,22.8,1.0,69.2,4.4,0.0,1.0000000000000002,7.600000000000001,11.400000000000002,2.799999999999999,0.03624192232887888,33.400000000000006,166.8,0.03380636422284855,7.599999999999994,5.6000000000000085,1.3999999999999986,1.0,0.0,-4.3999999999999915,win
126322,제주SK FC,김천 상무 프로축구단,True,8.2,0.0,1.4,11.6,32.2,13.6,0.18934124609181816,79.4,466.4,0.8588371857377842,72.6,75.4,40.0,25.8,1.0,61.2,9.2,0.0,1.8,14.4,26.2,14.0,0.34652864044168397,73.2,434.2,0.8419509120492377,82.2,78.8,38.8,26.0,1.0,53.8,1.8000000000000007,0.0,-1.0,-6.200000000000001,-9.399999999999999,-3.0,-0.19841400997411232,-19.800000000000004,-69.39999999999998,-0.05824732437734692,-15.799999999999997,9.600000000000009,16.800000000000004,-0.6000000000000014,0.0,-7.800000000000004,loss
126323,수원FC,대전 하나 시티즌,True,6.8,0.0,1.0,11.2,26.4,12.2,0.21033868092691624,66.8,402.0,0.8128575245821328,82.8,79.0,45.8,24.6,1.0,57.6,9.2,0.0,1.2,10.0,22.8,17.4,0.14860303095597213,76.0,506.8,0.8590820342052761,77.2,80.0,41.6,18.6,1.0,65.2,6.0,0.0,-0.3999999999999999,0.5999999999999996,8.2,1.8000000000000007,0.08161575926281808,6.599999999999994,-21.0,0.021981524093006688,-2.0,-1.2000000000000028,-5.600000000000001,3.1999999999999993,0.0,11.600000000000001,win
126324,인천 유나이티드,대구FC,True,9.0,0.0,0.8,6.6,14.6,16.6,0.18134920634920634,42.8,289.2,0.8035631604649055,56.8,72.6,41.4,38.6,1.0,57.6,10.2,0.0,1.2,9.0,32.6,18.0,0.13596811032105152,95.0,589.0,0.9026222314946095,81.0,76.0,35.0,26.0,1.0,84.8,0.6000000000000014,0.0,0.19999999999999996,0.5999999999999996,-8.200000000000003,-2.8000000000000007,0.00041284205990085865,-36.0,-216.8,-0.09025762135200677,-18.799999999999997,14.599999999999994,12.600000000000001,-5.0,0.0,40.8,draw
126325,광주FC,울산 HD FC,True,13.0,0.0,2.4,16.0,34.6,20.8,0.16135642135642136,103.4,599.0,0.8942802624017296,81.8,78.0,30.2,18.4,1.0,83.8,8.4,0.0,1.2,10.4,25.6,9.2,0.14557677616501144,66.2,388.6,0.8448648194885854,60.8,68.2,37.8,20.8,1.0,48.8,0.1999999999999993,0.0,-0.6,6.999999999999998,17.799999999999997,8.400000000000002,0.045878332194121685,23.39999999999999,121.59999999999997,0.033366677563989255,9.0,14.200000000000003,-9.799999999999997,2.8000000000000007,0.0,-3.8000000000000043,win
126326,수원FC,제주SK FC,True,11.0,0.0,0.6,9.6,19.6,12.6,0.1268692092221504,56.8,371.0,0.7839474037337846,68.0,97.4,50.6,28.4,1.0,61.4,12.0,0.0,1.0,13.0,27.0,21.8,0.16924404464434448,69.6,446.4,0.814944615557924,85.6,105.8,43.8,22.4,1.0,64.2,-0.1999999999999993,0.0,-0.19999999999999996,-7.4,-3.8000000000000007,-7.0,0.036470241069941206,-1.5999999999999943,-19.0,0.04470921531768024,-13.799999999999997,-33.2,-8.199999999999996,-0.1999999999999993,0.0,9.200000000000003,win
126327,포항 스틸러스,김천 상무 프로축구단,True,9.4,0.0,1.6,11.8,28.0,12.6,0.24103206734785682,67.8,435.4,0.8410813307883783,73.0,80.8,46.6,28.2,1.0,58.8,9.0,0.0,1.2,11.8,25.6,16.4,0.26716356107660455,73.4,431.2,0.8302985928454312,84.0,89.2,34.4,24.0,1.0,57.2,2.1999999999999993,0.0,0.8,-1.0,5.199999999999999,3.8000000000000007,-0.12845997169482484,10.599999999999994,70.60000000000002,0.055939893585442935,2.0,-14.400000000000006,-3.3999999999999986,-6.800000000000001,0.0,-9.799999999999997,draw
126328,FC서울,전북 현대 모터스,True,10.0,0.0,1.0,10.2,25.6,21.2,0.21262520000503948,70.6,439.8,0.8420697277063969,74.8,83.4,34.4,23.0,1.0,67.4,10.6,0.0,1.6,15.0,25.6,11.2,0.15192990016519428,67.8,428.2,0.8360472122310381,67.2,81.0,42.6,25.2,1.0,63.0,-1.799999999999999,0.0,0.19999999999999996,-6.4,-0.40000000000000213,5.400000000000002,-0.002804359039653148,10.799999999999997,70.0,0.03808861220003723,16.0,-5.599999999999994,-5.600000000000001,3.1999999999999993,0.0,-10.0,loss
126329,강원FC,인천 유나이티드,True,10.0,0.0,1.6,8.6,27.0,14.4,0.1820952380952381,63.2,402.6,0.8196975031475588,66.6,87.2,49.4,20.4,1.0,47.4,12.6,0.0,1.4,14.2,41.8,22.6,0.21537667698658414,86.8,527.8,0.8434422203876414,90.8,99.6,39.2,22.6,1.0,62.2,-2.799999999999999,0.0,-0.19999999999999996,0.0,-8.199999999999996,-12.400000000000002,-0.06460744621735337,1.4000000000000057,-18.399999999999977,0.0475977929568403,-7.200000000000003,-32.0,-7.800000000000004,-1.2000000000000028,0.0,-1.3999999999999986,win
126330,대구FC,대전 하나 시티즌,True,6.4,0.0,0.8,10.4,24.8,12.6,0.19386809269162214,67.8,428.0,0.8301173995466113,78.2,76.4,43.8,23.0,1.0,62.8,9.2,0.0,1.2,9.6,23.6,17.8,0.1311671335200747,77.0,499.0,0.8656715016296186,76.2,80.6,37.2,19.2,1.0,65.8,-0.7999999999999989,0.0,-0.3999999999999999,-1.4000000000000004,-7.200000000000003,-1.8000000000000007,0.03547619047619047,-32.4,-193.39999999999998,-0.0566440226513969,-19.400000000000006,-3.5999999999999943,1.5999999999999943,14.599999999999998,0.0,9.399999999999999,draw
126331,대전 하나 시티즌,FC서울,True,9.8,0.0,2.0,7.4,25.0,17.6,0.19123080428343586,79.4,509.4,0.875586280754413,86.8,71.4,35.0,25.4,1.0,77.0,9.6,0.0,1.8,12.4,24.0,13.8,0.13669180492709904,60.8,398.6,0.8408910647842278,67.8,69.0,38.6,31.0,1.0,61.6,-1.1999999999999993,0.0,-1.2000000000000002,-2.0,-1.3999999999999986,-0.8000000000000007,0.04227432698020933,2.4000000000000057,24.799999999999955,-0.012735187298468786,6.400000000000006,9.599999999999994,6.0,-5.0,0.0,4.399999999999999,win
126332,광주FC,수원FC,True,11.2,0.0,0.8,7.6,27.6,15.8,0.18117216117216114,81.8,420.8,0.8477497910006546,75.4,77.4,38.6,23.8,1.0,57.4,9.2,0.0,1.6,11.0,32.0,18.4,0.17772655561702216,78.6,490.0,0.8636878933923638,61.2,71.6,36.0,25.4,1.0,52.2,0.40000000000000036,0.0,-0.6000000000000001,9.2,18.4,0.20000000000000284,0.07622855274211099,25.80000000000001,20.19999999999999,0.011117479463208624,13.399999999999991,14.600000000000009,-5.0,-2.3999999999999986,0.0,-4.599999999999994,loss
126333,김천 상무 프로축구단,강원FC,True,10.8,0.0,1.8,13.0,31.2,10.0,0.22854700854700855,84.4,462.2,0.8747355956698286,80.4,63.8,31.8,22.2,1.0,76.8,8.8,0.0,1.4,12.2,28.0,17.2,0.1708661330144706,70.2,462.8,0.868302305345065,70.4,71.2,27.6,22.8,1.0,59.2,1.5999999999999996,0.0,0.0,0.8000000000000007,-0.8000000000000007,-4.399999999999999,0.09159450576195763,-5.6000000000000085,-19.80000000000001,-0.022590962154867666,2.1999999999999886,7.799999999999997,17.4,5.599999999999998,0.0,9.0,win
126334,포항 스틸러스,인천 유나이티드,True,10.0,0.0,1.4,7.8,30.4,16.6,0.20562464985994397,66.8,451.8,0.8257869723762543,70.2,91.6,43.2,20.2,1.0,51.2,11.8,0.0,1.6,12.4,35.8,19.4,0.2820433436532508,74.8,476.2,0.8306868437234358,83.6,95.4,40.8,23.6,1.0,65.4,0.0,0.0,0.19999999999999996,-0.40000000000000036,-3.799999999999997,4.600000000000001,-0.15392798956558873,11.0,27.600000000000023,0.05358471104618345,3.0,-16.0,-7.599999999999994,-6.600000000000001,0.0,0.0,draw
126335,전북 현대 모터스,대구FC,True,7.4,0.0,0.6,8.8,18.0,14.8,0.20164332399626517,46.2,329.4,0.8047068769198008,57.8,80.4,35.4,27.6,1.0,56.2,10.2,0.0,0.6,9.0,33.6,16.4,0.14582805429864254,87.2,538.0,0.883643473459354,77.4,74.8,39.2,27.4,1.0,68.6,0.20000000000000107,0.0,1.0,2.1999999999999993,-7.200000000000003,3.200000000000003,0.07201453701074478,-16.200000000000003,-122.80000000000001,-0.04457852028876608,-7.6000000000000085,4.400000000000006,-3.4000000000000057,-0.1999999999999993,0.0,4.3999999999999915,draw
126336,울산 HD FC,제주SK FC,True,11.2,0.0,0.8,8.6,16.8,15.0,0.18242476477770594,50.6,348.2,0.7790907603771412,63.8,95.8,52.4,32.6,1.0,56.4,14.0,0.0,1.0,13.8,29.6,24.2,0.19232096772126756,82.2,480.4,0.8192469258755926,89.0,105.6,43.6,24.0,1.0,69.2,-2.5999999999999996,0.0,1.0,4.800000000000001,3.0,-4.199999999999999,-0.014297879698179528,18.200000000000003,102.80000000000007,0.07292982648622892,-8.0,-29.39999999999999,-14.200000000000003,-3.0,0.0,-6.799999999999997,win
126337,대전 하나 시티즌,김천 상무 프로축구단,True,11.6,0.0,1.0,13.0,29.8,14.8,0.2207939721097616,81.0,501.8,0.8580458219029028,82.0,82.8,41.6,30.4,1.0,62.0,8.2,0.0,1.0,13.0,25.0,15.4,0.22560224089635858,71.2,384.4,0.8219595473120795,79.4,91.0,36.0,25.2,1.0,61.2,-0.9999999999999991,0.0,0.0,-4.800000000000001,-4.600000000000001,-4.0,-0.06101519395637048,-9.0,4.600000000000023,0.0029764347252903,-12.200000000000003,-14.0,3.6000000000000014,-0.3999999999999986,0.0,3.6000000000000014,draw
126338,수원FC,FC서울,True,10.6,0.0,2.0,6.8,25.8,18.2,0.21201002506265665,80.8,526.0,0.8715127868033402,92.2,75.0,32.6,22.2,1.0,80.0,7.6,0.0,2.0,11.6,22.2,12.6,0.16780291603821015,57.4,356.8,0.82831290055948,62.8,70.6,40.6,31.8,1.0,52.2,3.4000000000000004,0.0,-1.0,-3.8,3.400000000000002,1.200000000000001,-0.04463941287470698,17.199999999999996,19.80000000000001,0.017809898445683037,6.6000000000000085,2.0,2.6000000000000014,-3.6000000000000014,0.0,-1.1999999999999957,loss
126339,대구FC,울산 HD FC,True,12.8,0.0,2.2,17.2,31.6,20.6,0.19956154956154956,102.6,583.2,0.8869348168779505,82.2,79.2,28.6,23.2,1.0,86.0,8.6,0.0,1.0,14.0,28.0,10.6,0.19211038961038962,73.2,413.0,0.8494159943622405,68.2,74.2,38.6,23.0,1.0,54.4,1.0,0.0,-0.4,-4.0,-7.199999999999999,2.5999999999999996,0.0011996010525421874,-22.400000000000006,-39.80000000000001,-0.0373751507257154,-9.200000000000003,7.3999999999999915,-6.800000000000001,-0.1999999999999993,0.0,-6.800000000000004,loss
126340,인천 유나이티드,전북 현대 모터스,True,10.2,0.0,1.6,11.8,24.4,17.4,0.19235239523095593,68.8,398.2,0.8360562140944332,68.2,76.0,37.2,27.8,1.0,63.8,14.0,0.0,1.8,13.4,26.4,14.8,0.15046373475166044,67.4,438.2,0.8359884678177917,68.6,85.0,34.0,20.8,1.0,66.6,-2.8000000000000007,0.0,-0.8,-4.6,1.6000000000000014,2.1999999999999993,0.06923959005652372,-3.8000000000000043,37.19999999999999,0.008106094072277803,-0.3999999999999915,1.0,5.600000000000001,3.3999999999999986,0.0,12.799999999999997,win
126341,제주SK FC,광주FC,True,10.2,0.0,1.2,20.0,48.0,20.2,0.21866099071207432,105.0,515.4,0.8815307522697976,79.2,84.4,29.2,20.4,1.0,61.6,9.6,0.0,1.8,13.2,29.4,14.8,0.2236705399863294,77.8,411.2,0.8517102632797007,82.0,69.0,39.2,29.6,1.0,54.2,2.200000000000001,0.0,-0.8,-3.1999999999999993,-12.2,1.8000000000000007,-0.06505529901814727,-29.199999999999996,-43.39999999999998,-0.07224889070842333,-14.200000000000003,33.400000000000006,8.199999999999996,2.3999999999999986,0.0,-0.19999999999999574,loss
126342,강원FC,포항 스틸러스,True,10.6,0.0,1.4,10.0,29.6,20.0,0.10202839756592293,87.2,494.4,0.8859042284077375,85.4,74.8,32.6,20.6,1.0,73.8,11.2,0.0,0.8,8.2,20.8,13.0,0.246935817805383,63.0,445.0,0.8657918022330288,68.6,69.8,42.6,27.0,1.0,55.0,-2.3999999999999986,0.0,0.8,5.800000000000001,7.399999999999999,-5.0,0.008277857408292205,14.599999999999994,-18.0,-0.0019931883210775325,9.400000000000006,-3.3999999999999915,-9.800000000000004,-5.199999999999999,0.0,-11.200000000000003,loss
126343,FC서울,울산 HD FC,True,12.0,0.0,2.6,17.0,31.6,17.8,0.20810855810855813,99.6,572.4,0.8753186552617889,83.6,77.4,33.0,27.4,1.0,80.4,10.4,0.0,0.8,15.0,30.2,12.4,0.19392857142857142,79.0,442.4,0.8617399926388455,70.2,77.2,39.0,24.2,1.0,59.6,-1.200000000000001,0.0,0.5999999999999999,-6.4,-2.1999999999999993,5.6,-0.012221576668945106,-0.20000000000000284,91.80000000000007,0.017628759411923545,17.200000000000003,-5.0,-7.399999999999999,-4.0,0.0,-12.600000000000001,loss
126344,포항 스틸러스,전북 현대 모터스,True,9.4,0.0,1.6,12.0,28.0,15.8,0.1700207039337474,77.6,437.2,0.8550657774818436,72.2,70.6,33.8,26.0,1.0,62.8,12.8,0.0,2.0,12.8,27.0,14.6,0.15174578603371175,70.8,452.2,0.8467161871351185,69.0,82.0,30.0,20.6,1.0,69.6,-2.6000000000000014,0.0,0.0,-1.200000000000001,-4.199999999999999,1.200000000000001,-0.03851049191606469,1.6000000000000085,5.400000000000034,0.012349901911115069,16.599999999999994,-2.4000000000000057,5.600000000000001,1.0,0.0,-2.4000000000000057,win
126345,수원FC,강원FC,True,10.6,0.0,1.6,15.6,31.2,12.4,0.253015873015873,79.6,430.6,0.8579303038964061,78.2,72.0,30.6,21.4,1.0,58.6,11.4,0.0,2.2,12.6,31.6,17.0,0.15593106807940565,87.4,510.4,0.8697535975019124,76.2,77.2,27.6,21.4,1.0,64.8,-1.5999999999999996,0.0,-1.4000000000000001,-3.4000000000000004,-1.0,-2.0,0.014732435084097495,1.3999999999999915,-53.799999999999955,-0.016365373159034746,9.399999999999991,-3.0,12.0,6.400000000000002,0.0,-7.6000000000000085,loss
126346,김천 상무 프로축구단,인천 유나이티드,True,11.4,0.0,1.0,9.6,27.2,17.4,0.17636999147485083,69.4,495.6,0.847269742895611,68.0,88.0,36.8,24.6,1.0,66.2,10.2,0.0,1.2,7.8,22.6,13.2,0.18963585434173671,64.4,452.6,0.8352118954912182,75.2,83.6,36.2,23.2,1.0,72.4,1.200000000000001,0.0,-0.3999999999999999,4.8,3.799999999999997,2.0,0.04244016905007611,9.799999999999997,36.799999999999955,0.020282815928297615,6.200000000000003,-1.3999999999999915,6.399999999999999,4.800000000000001,0.0,10.400000000000006,draw
126347,제주SK FC,대구FC,True,11.0,0.0,0.8,9.6,22.4,14.4,0.18473856209150324,59.6,393.6,0.8240580237313118,55.8,83.6,34.8,22.2,1.0,66.2,10.2,0.0,1.0,8.6,25.8,14.2,0.14386726998491703,71.2,509.4,0.8632875984415047,75.6,74.0,40.6,27.4,1.0,64.8,1.200000000000001,0.0,-0.19999999999999996,2.200000000000001,-5.199999999999999,5.600000000000001,0.03384611421933939,-14.800000000000004,-122.79999999999995,-0.06963132684293538,-5.799999999999997,28.799999999999997,4.799999999999997,5.399999999999999,0.0,13.599999999999994,win
126348,광주FC,대전 하나 시티즌,True,8.0,0.0,0.6,9.6,23.6,12.4,0.15890522875816993,68.8,413.6,0.8274193077568764,73.6,76.8,38.6,26.8,1.0,62.0,8.8,0.0,0.8,8.6,22.0,14.2,0.19243697478991598,64.6,456.6,0.8518962340106085,73.4,76.2,32.8,18.8,1.0,64.0,0.0,0.0,0.19999999999999996,10.799999999999999,13.799999999999997,1.200000000000001,0.030735294117647055,23.80000000000001,8.399999999999977,0.01584465399729429,-2.200000000000003,3.5999999999999943,3.0,3.3999999999999986,0.0,8.600000000000001,win
126349,인천 유나이티드,FC서울,True,10.0,0.0,1.4,10.2,27.8,16.2,0.18620699475962632,78.2,454.0,0.8649051614600113,81.2,72.6,32.6,18.8,1.0,60.6,7.8,0.0,1.8,13.4,27.0,14.4,0.222140522875817,75.0,470.8,0.859125429703474,90.4,71.6,37.2,24.8,1.0,61.4,3.6000000000000005,0.0,-0.6000000000000001,-4.6,-1.8000000000000007,2.4000000000000004,-0.006134167764602572,-8.400000000000006,24.399999999999977,0.001185576564526003,-22.200000000000003,5.200000000000003,-3.0,0.8000000000000007,0.0,-1.3999999999999986,loss
126350,대구FC,광주FC,True,10.2,0.0,1.4,17.2,40.4,18.0,0.18761671335200747,102.4,495.6,0.8829749900344577,82.4,79.0,36.4,21.0,1.0,65.0,11.0,0.0,1.4,16.2,31.6,16.8,0.1655217196596507,85.6,410.8,0.845917013913024,82.6,75.8,39.2,29.8,1.0,52.6,2.0,0.0,-0.5999999999999999,-4.399999999999999,-6.0,-1.200000000000001,0.0014390646540747565,-22.199999999999996,33.0,-0.009996462465526101,-16.799999999999997,16.400000000000006,-5.0,-7.800000000000001,0.0,-10.199999999999996,win
126351,강원FC,대전 하나 시티즌,True,9.8,0.0,0.6,11.4,26.8,13.8,0.11223856209150326,73.8,409.8,0.8236331217496268,75.2,80.2,36.6,27.4,1.0,56.4,8.6,0.0,0.8,8.6,28.2,14.4,0.2015873015873016,72.6,433.4,0.8513411910743253,79.4,76.6,33.4,17.4,1.0,63.0,1.200000000000001,0.0,0.8,3.4000000000000004,-0.3999999999999986,-1.5999999999999996,0.04334776334776333,-0.3999999999999915,-35.19999999999999,-0.005568877170466835,-5.800000000000011,-6.199999999999989,-0.7999999999999972,9.8,0.0,5.799999999999997,draw
126352,전북 현대 모터스,수원FC,True,10.8,0.0,1.0,10.6,36.0,18.2,0.17687468328772676,104.6,486.2,0.8624990802781418,91.0,77.2,35.6,25.4,1.0,81.2,7.8,0.0,1.2,10.8,26.6,16.4,0.15181224004753419,69.2,431.6,0.856683394933117,66.0,72.0,37.8,29.8,1.0,50.6,1.7999999999999998,0.0,0.19999999999999996,-0.6000000000000014,-0.6000000000000014,-2.599999999999998,0.06034893211363798,1.7999999999999972,-4.600000000000023,-0.01054079027346444,8.599999999999994,-1.0,-0.5999999999999943,-1.8000000000000007,0.0,-6.600000000000001,loss
126353,울산 HD FC,김천 상무 프로축구단,True,12.2,0.0,1.0,12.4,23.6,14.4,0.21944444444444441,71.2,471.8,0.8508364582197607,78.8,80.2,46.8,27.6,1.0,60.8,9.2,0.0,0.2,12.4,26.8,19.6,0.15507193786605553,76.2,415.6,0.8212259403721944,85.8,88.2,34.6,25.6,1.0,68.2,2.4000000000000004,0.0,1.8,4.6,1.0,-3.200000000000003,0.06152146872735109,14.799999999999997,125.39999999999998,0.0507584943460303,9.200000000000003,-15.200000000000003,1.1999999999999957,0.1999999999999993,0.0,-5.599999999999994,draw
126354,포항 스틸러스,제주SK FC,True,11.8,0.0,0.8,12.0,24.8,19.4,0.23575259989053093,65.6,378.6,0.8029660761668879,66.2,97.8,40.2,31.8,1.0,49.4,13.6,0.0,1.4,16.0,28.4,17.2,0.2462026862026862,84.6,481.8,0.8289886102689186,90.0,98.2,45.2,30.0,1.0,70.0,-1.0,0.0,0.40000000000000013,-2.8000000000000007,-2.799999999999997,-1.1999999999999993,-0.13492817639876464,-8.0,-55.80000000000001,0.01960123292047966,-7.200000000000003,-19.400000000000006,-7.800000000000004,-7.0,0.0,-3.0,draw
126355,대전 하나 시티즌,인천 유나이티드,True,11.6,0.0,1.2,9.2,24.0,16.6,0.20045079955565887,66.2,476.4,0.8485463976841778,69.8,78.4,33.0,24.0,1.0,70.6,11.2,0.0,1.6,7.4,26.6,13.0,0.20349206349206347,81.0,485.0,0.8568624540465599,83.2,70.4,37.8,25.2,1.0,77.6,-0.5999999999999996,0.0,-0.6000000000000001,4.4,0.1999999999999993,0.1999999999999993,-0.07192577030812322,-10.799999999999997,-110.39999999999998,-0.04771142948363383,-10.0,13.199999999999989,0.20000000000000284,3.6000000000000014,0.0,27.999999999999993,loss
126356,광주FC,전북 현대 모터스,True,10.2,0.0,1.2,11.4,27.8,15.0,0.2193040293040293,71.2,426.4,0.844934360167826,70.8,76.0,35.8,26.4,1.0,54.2,18.0,0.0,2.2,10.6,22.6,20.0,0.15139097744360902,72.6,451.4,0.8477659815535683,72.8,83.4,35.0,23.0,0.9933333333333334,85.0,-6.800000000000001,0.0,-0.6000000000000001,5.799999999999999,18.199999999999996,-1.8000000000000007,0.04602965747702589,33.80000000000001,43.400000000000034,0.0422823948646206,15.0,-5.200000000000003,2.0,-5.0,0.006666666666666599,17.0,loss
126357,김천 상무 프로축구단,제주SK FC,True,14.8,0.0,1.0,10.6,22.0,21.8,0.26865303279096386,58.6,403.0,0.8215374566334093,68.6,91.6,42.8,31.8,1.0,56.2,13.2,0.0,1.2,14.0,27.2,15.0,0.22556776556776556,88.8,473.4,0.826918656247214,87.6,93.0,42.2,33.4,1.0,84.4,-1.3999999999999986,0.0,-0.3999999999999999,-3.0,-4.0,0.5999999999999996,-0.05056776556776557,-18.39999999999999,8.0,0.035840525617726215,-13.799999999999997,-18.200000000000003,0.0,-6.599999999999998,0.0,23.000000000000007,win
126358,FC서울,대구FC,True,13.4,0.0,1.0,10.6,23.0,14.0,0.19833333333333333,68.0,427.0,0.8314106622929665,65.2,86.4,36.6,25.0,1.0,68.2,13.6,0.0,1.4,12.4,26.8,13.8,0.2025339366515837,72.6,422.8,0.8373944927126976,71.0,80.2,37.8,26.0,1.0,59.6,-4.6,0.0,0.0,-2.8000000000000007,1.0,1.799999999999999,-0.009977735542751026,0.0,26.399999999999977,0.018863107158575643,7.799999999999997,-4.6000000000000085,-3.0,-8.399999999999999,0.0,4.0,loss
126359,강원FC,울산 HD FC,True,11.2,0.0,1.6,16.0,27.6,15.0,0.19754578754578755,84.2,510.8,0.8563444631236218,94.8,72.8,36.8,26.6,1.0,72.6,11.8,0.0,1.0,14.2,27.6,18.0,0.17119047619047617,78.2,426.0,0.861724612799532,69.6,82.2,38.6,21.2,1.0,60.4,-0.6000000000000014,0.0,1.2000000000000002,-3.5999999999999996,-1.2000000000000028,-2.1999999999999993,0.06374458874458874,-6.0,-43.0,-0.030172702800175366,8.0,-3.200000000000003,-1.8000000000000043,6.0,0.0,-4.600000000000001,win
126360,수원FC,포항 스틸러스,True,13.8,0.0,1.2,11.4,26.2,14.0,0.14488795518207281,83.8,427.8,0.8328883784531355,85.0,81.4,37.4,26.0,1.0,89.0,14.4,0.0,0.6,11.0,23.2,22.4,0.25009266096222615,64.6,474.8,0.8652194889397643,76.0,77.8,40.0,30.8,1.0,57.6,-0.20000000000000107,0.0,0.7999999999999999,1.1999999999999993,12.2,-0.1999999999999993,-0.052265596722118446,36.80000000000001,44.400000000000034,0.014319326519210196,18.200000000000003,1.6000000000000085,-3.6000000000000014,-2.8000000000000007,-0.006666666666666599,-29.4,win
126361,전북 현대 모터스,김천 상무 프로축구단,True,12.6,0.0,1.0,11.8,29.0,16.4,0.14166666666666666,82.4,487.6,0.8650565201910204,77.0,77.4,41.0,26.0,1.0,70.2,10.2,0.0,0.6,10.2,21.4,15.4,0.20470779220779223,61.8,396.4,0.8258637500722781,78.8,77.8,34.8,24.8,1.0,68.6,-0.7999999999999989,0.0,0.4,1.8000000000000007,5.600000000000001,-1.5999999999999996,0.01904068154068153,12.400000000000006,26.400000000000034,0.02002078853107836,-7.200000000000003,-4.0,-1.5999999999999943,-2.8000000000000007,0.0,18.39999999999999,draw
126362,울산 HD FC,대전 하나 시티즌,True,9.8,0.0,1.0,12.8,31.6,12.2,0.1698015873015873,79.4,397.8,0.8136470153991231,77.2,83.8,35.2,29.0,1.0,55.0,9.8,0.0,1.4,10.4,29.4,15.2,0.20269841269841268,72.0,450.6,0.8518470827925959,83.0,81.6,35.8,16.0,1.0,62.0,2.0,0.0,0.0,2.1999999999999993,-0.1999999999999993,2.6000000000000014,-0.04927027221144867,11.200000000000003,100.0,0.014457259706927239,10.200000000000003,-6.0,0.6000000000000014,8.0,0.0,-16.0,win
126363,포항 스틸러스,FC서울,True,8.8,0.0,1.2,11.2,33.4,16.4,0.21132050316832923,83.4,489.8,0.8671276563684485,80.0,74.8,33.4,18.2,1.0,50.4,9.0,0.0,0.8,10.4,28.6,11.8,0.24305555555555552,78.8,481.0,0.8422032235721243,89.8,76.8,38.2,17.8,1.0,68.8,6.800000000000001,0.0,0.3999999999999999,0.1999999999999993,-4.200000000000003,3.3999999999999986,-0.08757936507936506,1.2000000000000028,-32.60000000000002,0.0009849737622661392,-8.599999999999994,5.200000000000003,-3.200000000000003,9.0,0.0,-15.0,draw
126364,인천 유나이티드,광주FC,True,13.8,0.0,1.2,15.6,43.2,20.4,0.19417989417989417,105.0,505.4,0.8890230099217303,88.0,80.6,31.8,16.8,1.0,66.8,10.4,0.0,1.6,14.0,26.2,13.6,0.18377568791361895,77.8,365.8,0.8289776224069818,72.2,74.8,38.6,27.0,1.0,46.0,0.0,0.0,-0.40000000000000013,-4.800000000000001,-6.0,1.4000000000000004,0.037590144321778485,-15.799999999999997,73.80000000000001,0.006796484109185097,-4.400000000000006,4.6000000000000085,-4.0,-4.0,0.0,-23.400000000000006,draw
126365,대구FC,강원FC,True,10.0,0.0,1.6,10.2,27.0,16.2,0.15493506493506493,74.4,375.0,0.8397750229545144,76.6,80.6,38.4,25.8,1.0,61.2,11.8,0.0,1.6,12.8,34.0,19.0,0.1335221044939715,88.8,512.6,0.8535952123613312,85.2,86.4,30.4,24.8,1.0,65.4,2.5999999999999996,0.0,-0.40000000000000013,-1.6000000000000014,-13.0,-5.0,0.04481122883936181,-26.4,-101.20000000000005,-0.028380037208752262,-19.400000000000006,0.19999999999998863,9.399999999999999,-0.1999999999999993,0.0,4.200000000000003,loss
126366,제주SK FC,수원FC,True,13.2,0.0,1.4,10.2,31.2,18.4,0.2604644268774704,85.8,467.8,0.8833584364015351,86.8,71.8,40.0,26.0,0.9933333333333334,78.8,11.6,0.0,1.2,12.4,32.2,21.4,0.16272727272727275,81.2,459.6,0.8775891928027038,68.8,79.6,33.2,24.6,1.0,57.0,3.5999999999999996,0.0,-0.3999999999999999,0.1999999999999993,-8.600000000000001,0.8000000000000007,0.11037020450813553,-18.0,-35.200000000000045,-0.04730069077702781,4.200000000000003,16.400000000000006,5.0,3.1999999999999993,0.0,-6.200000000000003,win
126367,광주FC,포항 스틸러스,True,14.6,0.0,1.2,11.2,24.0,16.6,0.15547619047619046,73.6,416.8,0.8371211269609617,78.6,79.4,36.2,27.6,1.0,79.0,14.2,0.0,1.2,9.2,26.6,21.0,0.3159859748095042,72.2,460.0,0.8666697014217364,80.4,76.0,40.6,26.6,1.0,64.0,-0.1999999999999993,0.0,0.0,5.4,13.600000000000001,-4.199999999999999,-0.007520366343895746,24.799999999999997,34.0,0.015586258844449308,8.399999999999991,2.200000000000003,-5.800000000000004,-8.0,0.0,2.3999999999999986,loss
126368,김천 상무 프로축구단,FC서울,True,9.6,0.0,1.4,11.4,33.4,17.0,0.23653058720194267,87.2,505.4,0.8742877398954034,77.8,72.0,35.0,19.6,1.0,55.4,8.6,0.0,0.4,11.0,28.2,12.0,0.19861111111111113,76.6,484.8,0.8488090816973124,92.4,72.8,37.4,18.0,1.0,73.4,5.6,0.0,0.4,1.4000000000000004,-2.599999999999998,5.0,-0.03983918128654973,-4.599999999999994,-26.19999999999999,0.018642431104825552,-20.200000000000003,3.799999999999997,3.3999999999999986,3.1999999999999993,0.0,5.800000000000011,draw
126369,인천 유나이티드,울산 HD FC,True,13.8,0.0,1.6,16.0,36.2,22.0,0.13306614953673776,92.2,584.0,0.8813708777985063,93.4,77.6,35.2,23.6,1.0,70.6,8.8,0.0,0.8,11.2,22.2,15.2,0.1525,67.4,368.6,0.8509878633134706,64.8,75.8,41.4,22.4,1.0,60.2,1.0,0.0,0.3999999999999999,-3.3999999999999995,1.4000000000000021,-1.799999999999999,0.05669191919191921,3.3999999999999915,65.19999999999999,-0.02418884605078364,6.400000000000006,4.6000000000000085,-8.399999999999999,-4.199999999999999,0.0,-13.399999999999991,draw
126370,대전 하나 시티즌,제주SK FC,True,14.8,0.0,0.8,12.6,26.4,21.4,0.27024033437826545,70.8,414.4,0.8285520770890802,68.8,95.0,38.4,27.6,1.0,65.8,10.8,0.0,0.6,13.0,27.8,13.6,0.17761904761904762,74.2,453.4,0.8319669796620287,85.0,88.2,43.6,30.2,1.0,69.6,-1.8000000000000007,0.0,0.20000000000000007,2.5999999999999996,3.599999999999998,-2.0,0.014404761904761892,2.3999999999999915,-55.799999999999955,-0.018430656369995524,-7.0,-4.200000000000003,-6.399999999999999,-0.5999999999999979,0.0,17.199999999999996,loss
126371,수원FC,대구FC,True,10.6,0.0,1.0,10.2,22.2,14.8,0.18333333333333332,71.8,431.4,0.8361145731285748,71.4,83.6,40.0,26.6,1.0,61.4,12.6,0.0,1.6,14.6,37.4,15.6,0.24052768487551096,90.8,493.2,0.8569819868168687,79.2,79.8,36.4,23.6,1.0,61.0,-0.1999999999999993,0.0,-0.6000000000000001,-5.6,-8.2,4.6,0.021754923820141214,-9.399999999999991,6.400000000000034,0.01962337040578066,9.399999999999991,-0.20000000000000284,2.0,-0.8000000000000007,-0.006666666666666599,-22.0,win
126372,강원FC,전북 현대 모터스,True,9.0,0.0,0.6,11.8,28.2,15.4,0.20470085470085472,78.0,441.8,0.853491376210194,74.2,71.8,33.0,22.6,1.0,59.2,19.8,0.0,1.4,14.6,28.4,22.2,0.1856502367028683,81.8,456.2,0.8684926155393919,71.0,80.6,32.4,21.6,0.9933333333333334,79.8,-8.4,0.0,0.6000000000000001,-3.799999999999999,2.6000000000000014,-5.199999999999999,-0.048492949545581115,-2.0,-68.19999999999999,-0.020626089316903684,5.200000000000003,-2.0,8.600000000000001,5.399999999999999,0.006666666666666599,17.599999999999994,win
126373,울산 HD FC,전북 현대 모터스,True,8.0,0.0,0.8,14.0,29.0,13.2,0.24565323565323563,81.6,429.8,0.8523380010077609,75.2,70.4,33.8,23.0,1.0,55.0,20.6,0.0,1.2,13.8,28.4,23.4,0.20231690336953495,82.6,468.2,0.8862233942457804,75.0,76.8,32.2,19.4,0.9933333333333334,81.2,-7.600000000000001,0.0,0.19999999999999996,2.599999999999998,9.200000000000003,0.0,-0.050019984602027945,13.0,127.59999999999997,0.005593906603489351,17.599999999999994,0.20000000000000284,-0.8000000000000043,1.6000000000000014,0.006666666666666599,10.600000000000009,win
126374,수원FC,인천 유나이티드,True,10.8,0.0,0.6,7.2,24.0,13.0,0.2725252525252525,71.8,446.6,0.8336510673074369,71.8,77.8,33.4,16.4,1.0,71.0,11.2,0.0,1.2,13.2,34.6,14.4,0.29873015873015873,91.0,530.2,0.8687959592445645,87.2,74.8,38.8,26.6,1.0,62.6,2.8000000000000007,0.0,0.19999999999999996,-4.399999999999999,-6.800000000000001,4.200000000000001,-0.04894755003450654,-12.400000000000006,-66.40000000000003,0.00026437251540945006,-9.600000000000009,5.200000000000003,0.20000000000000284,-1.0,-0.014074074074074128,-12.999999999999993,win
126375,김천 상무 프로축구단,포항 스틸러스,True,13.4,0.0,0.6,12.0,23.4,16.8,0.13047619047619047,73.8,407.6,0.8438765330606299,76.8,72.2,36.8,29.0,1.0,76.6,13.6,0.0,0.8,10.4,27.0,18.6,0.35697976362938,75.8,477.8,0.8751797178347139,77.0,72.6,39.2,25.0,1.0,69.6,0.40000000000000036,0.0,0.0,3.0,1.6000000000000014,-2.6000000000000014,-0.14487450047148528,5.400000000000006,-20.600000000000023,-0.006797635147901215,-3.4000000000000057,1.6000000000000085,-0.6000000000000014,-2.6000000000000014,0.0,-2.6000000000000085,win
126376,대전 하나 시티즌,대구FC,True,9.6,0.0,0.8,11.2,23.2,14.8,0.17333333333333337,69.0,461.0,0.8449197614548407,74.6,81.0,36.6,29.4,1.0,57.6,14.0,0.0,1.6,12.6,38.4,14.6,0.2847584541062802,95.0,482.2,0.857123262112783,75.8,81.0,33.4,22.4,0.9925925925925926,64.6,-3.4000000000000004,0.0,-0.8,3.799999999999999,-5.199999999999996,-0.40000000000000036,-0.070751885961781,-13.400000000000006,-52.19999999999999,-0.029959874929866848,8.600000000000009,7.200000000000003,2.200000000000003,10.399999999999999,0.007407407407407418,14.799999999999997,win
126377,제주SK FC,강원FC,True,10.2,0.0,2.0,9.2,25.6,13.6,0.1419191919191919,72.4,379.0,0.8546028278954989,73.4,73.2,41.4,24.6,1.0,68.2,8.6,0.0,1.0,12.8,36.2,20.2,0.1735221044939715,96.2,542.6,0.8748566820075906,87.4,80.8,28.6,25.2,1.0,61.2,5.4,0.0,-0.19999999999999996,-2.0,-12.600000000000001,-3.599999999999998,0.062235471263604236,-35.2,-132.0,-0.045492260549812036,-22.60000000000001,10.0,10.600000000000001,3.1999999999999993,0.0,-4.599999999999994,loss
126378,FC서울,광주FC,True,15.8,0.0,1.0,15.0,43.6,18.6,0.32088796871405567,107.6,516.0,0.8938816332024817,88.4,75.8,29.6,16.4,1.0,71.8,8.4,0.0,1.2,13.2,24.0,10.4,0.17111111111111113,76.6,377.0,0.8262146914231661,70.4,69.8,33.6,21.2,1.0,50.0,2.1999999999999993,0.0,-0.19999999999999996,-0.5999999999999996,9.799999999999997,7.6,0.0665558397271952,12.800000000000011,137.39999999999998,0.0516251293713047,11.199999999999989,2.0,0.19999999999999574,-0.8000000000000007,0.0,-9.0,loss
126379,포항 스틸러스,대전 하나 시티즌,True,10.2,0.0,0.8,14.6,28.6,13.4,0.19400656814449918,75.8,407.6,0.8283878769788344,79.2,83.6,34.8,33.6,1.0,56.0,13.8,0.0,1.8,13.6,28.0,18.4,0.19062091503267972,72.6,474.6,0.852837611353294,76.0,88.8,37.6,20.6,1.0,63.2,-3.200000000000001,0.0,-1.4,0.0,-4.199999999999999,-2.799999999999999,-0.010144724556489237,-2.5999999999999943,-62.80000000000001,-0.0053071158002259144,5.200000000000003,-19.200000000000003,-3.3999999999999986,7.599999999999998,0.0,-2.200000000000003,draw
126380,광주FC,김천 상무 프로축구단,True,14.4,0.0,0.8,13.4,29.6,15.4,0.22210526315789475,78.2,448.6,0.8720501287078137,72.8,73.4,34.0,19.6,1.0,70.8,10.4,0.0,0.4,13.4,25.6,15.2,0.2236904761904762,71.4,427.8,0.85680132458616,78.4,69.2,33.2,23.6,1.0,71.6,5.0,0.0,0.6,2.9999999999999982,15.399999999999999,2.1999999999999993,0.06941971474580169,29.19999999999999,74.19999999999999,0.043158427901987984,3.0,3.0,-4.400000000000002,-7.0,0.0,5.3999999999999915,win
126381,강원FC,수원FC,True,13.2,0.0,1.8,7.6,23.8,14.8,0.265,71.0,453.6,0.8680222989172955,75.6,77.2,41.6,24.2,0.9859259259259259,74.4,12.8,0.0,0.4,11.4,29.6,22.2,0.14,76.6,504.0,0.8738853714037891,67.8,85.4,33.2,28.4,1.0,70.0,-1.200000000000001,0.0,1.6,1.1999999999999993,-3.200000000000003,-9.6,-0.0011111111111111183,-0.3999999999999915,-103.0,-0.01612765174792763,10.0,-11.400000000000006,9.599999999999994,-8.399999999999999,0.0,2.200000000000003,win
126382,울산 HD FC,FC서울,True,11.4,0.0,1.2,12.4,37.6,20.4,0.25373837940973487,96.6,549.0,0.8886799675787366,87.0,71.4,30.6,20.4,1.0,67.6,9.2,0.0,0.8,11.2,27.4,10.2,0.1811111111111111,69.8,398.4,0.8506511962297904,72.8,68.8,38.0,20.0,1.0,66.6,4.4,0.0,0.8,1.4000000000000004,13.600000000000001,14.2,-0.03548085901027079,29.200000000000003,182.39999999999998,0.039840208551843004,12.200000000000003,11.0,-6.600000000000001,2.8000000000000007,0.0,-8.0,draw
126383,전북 현대 모터스,인천 유나이티드,True,9.6,0.0,0.4,7.0,25.0,12.8,0.20888888888888885,74.6,471.4,0.8456198026018921,66.2,76.6,33.4,17.6,1.0,73.8,10.4,0.0,1.4,12.4,35.4,12.2,0.3087301587301587,91.0,536.0,0.8747275642077443,88.0,73.6,36.4,24.0,1.0,65.0,-2.200000000000001,0.0,-0.5999999999999999,2.4000000000000004,-6.799999999999997,1.200000000000001,-0.09714285714285714,-6.799999999999997,-93.60000000000002,-0.015763002266613646,-10.0,-4.199999999999989,-4.0,-1.3999999999999986,0.0,9.600000000000001,draw
126384,대구FC,제주SK FC,True,13.0,0.0,0.8,9.8,23.8,16.2,0.1885780885780886,66.2,449.0,0.8448081057627828,70.6,84.4,38.4,30.0,1.0,72.0,12.6,0.0,0.8,13.2,29.6,14.8,0.16162561576354678,84.2,467.2,0.8457541293720944,88.2,82.4,41.8,31.4,1.0,72.8,-3.1999999999999993,0.0,0.0,-4.199999999999999,-9.200000000000003,1.8000000000000007,0.0600410509031199,-17.60000000000001,1.6000000000000227,0.014854124774723365,-12.799999999999997,-6.0,-5.799999999999997,-6.799999999999997,0.0,11.599999999999994,win
126385,대구FC,전북 현대 모터스,True,9.2,0.0,1.0,16.6,30.0,13.0,0.23936507936507936,91.6,477.4,0.8704628197808519,87.2,63.6,33.8,26.6,1.0,55.6,17.0,0.0,1.0,10.4,34.0,21.0,0.24041214146477302,89.0,488.0,0.8933769261910145,73.6,73.8,27.8,13.4,1.0,69.4,-6.199999999999999,0.0,-0.4,-0.8000000000000007,-10.2,-3.0,-0.06041214146477303,-16.599999999999994,-2.1999999999999886,-0.029586582815595897,4.400000000000006,7.799999999999997,8.2,13.799999999999999,0.0,8.200000000000003,win
126386,대전 하나 시티즌,광주FC,True,14.8,0.0,1.0,17.4,43.4,17.8,0.31977685760294455,106.8,504.4,0.9038861506336133,83.4,70.6,29.2,15.4,1.0,68.2,9.0,0.0,0.8,14.6,27.0,15.4,0.15051587301587302,77.4,389.2,0.8488156230161655,74.2,62.4,28.0,22.4,1.0,50.4,0.1999999999999993,0.0,-0.4,-0.40000000000000036,3.3999999999999986,-2.200000000000001,0.03140278304071406,4.599999999999994,29.400000000000034,-0.009051962297995098,6.0,17.000000000000007,5.799999999999997,8.0,0.0,-7.600000000000001,win
126387,강원FC,김천 상무 프로축구단,True,14.0,0.0,0.6,14.4,30.0,13.8,0.2262719298245614,78.0,415.8,0.8634247768678724,72.8,68.6,33.2,23.8,1.0,67.0,11.0,0.0,0.4,16.0,29.6,16.4,0.25511904761904763,80.8,447.4,0.870589061903309,81.0,68.6,33.2,22.4,1.0,72.2,1.8000000000000007,0.0,1.6,-5.4,-5.600000000000001,-6.399999999999999,-0.0890873015873016,-10.399999999999991,-69.59999999999997,-0.011508468163552665,-9.200000000000003,-0.7999999999999972,7.799999999999997,-1.0,0.0,5.200000000000003,loss
126388,FC서울,수원FC,True,10.8,0.0,1.4,7.8,27.0,10.6,0.30214285714285716,77.8,472.6,0.8651882908201294,78.6,75.0,40.2,20.4,0.9925925925925926,73.2,14.0,0.0,0.8,9.6,26.8,19.6,0.14714285714285716,73.0,487.2,0.8694409269593446,68.8,80.6,32.6,29.6,1.0,72.0,-2.5999999999999996,0.0,0.3999999999999999,3.4000000000000004,10.400000000000002,0.0,0.14786536353671906,24.599999999999994,69.59999999999997,0.021356687678215525,17.799999999999997,-10.599999999999994,-4.400000000000002,-9.0,0.0,0.20000000000000284,win
126389,인천 유나이티드,포항 스틸러스,True,11.8,0.0,0.4,14.0,27.2,18.8,0.18420289855072464,75.6,453.0,0.8693675870409934,77.8,69.4,31.8,24.6,1.0,53.8,11.6,0.0,1.0,12.0,30.6,14.4,0.31840167505129136,84.0,453.0,0.8753197412725384,72.8,70.4,33.8,17.6,1.0,66.4,-0.5999999999999996,0.0,-0.4,-4.2,-5.800000000000001,0.7999999999999989,-0.06824294489256122,-8.799999999999997,26.80000000000001,-0.015173648885987823,-8.799999999999997,2.3999999999999915,-4.799999999999997,-1.0,0.0,1.4000000000000057,loss
126390,제주SK FC,울산 HD FC,True,14.0,0.0,1.4,15.8,43.0,25.4,0.1591640866873065,107.2,597.2,0.8953752327089397,84.0,83.2,30.8,23.4,1.0,74.4,9.0,0.0,0.8,10.4,23.6,10.8,0.29523809523809524,71.6,428.6,0.8488765455201515,75.6,72.0,39.2,23.0,1.0,62.6,2.0,0.0,-0.20000000000000007,0.7999999999999989,1.5999999999999979,1.3999999999999986,-0.1336996336996337,-5.199999999999989,14.0,-0.007620677274492116,-10.0,10.400000000000006,-0.20000000000000284,6.399999999999999,0.0,-5.600000000000001,loss
126391,수원FC,광주FC,True,11.8,0.0,1.2,15.2,35.4,14.4,0.3005175983436853,99.6,505.6,0.9086901869015278,83.8,63.2,32.8,14.4,1.0,65.6,9.6,0.0,0.8,12.4,28.6,17.4,0.1481766917293233,81.4,418.0,0.8626014318401021,77.2,60.2,27.8,23.4,1.0,66.0,2.200000000000001,0.0,0.3999999999999999,-3.5999999999999996,-0.8000000000000007,-5.799999999999999,0.08491854636591478,-5.400000000000006,90.80000000000001,0.006550146422664049,3.799999999999997,14.799999999999997,5.599999999999998,-4.199999999999999,-0.007407407407407418,-9.400000000000006,win
126392,김천 상무 프로축구단,대전 하나 시티즌,True,8.6,0.0,0.8,12.6,27.2,14.6,0.17402391921448185,79.6,418.4,0.8484504289973843,80.2,73.8,33.0,27.8,1.0,64.8,15.0,0.0,1.4,12.8,28.4,19.2,0.2170460358056266,83.0,528.0,0.8889132052449489,76.2,79.0,36.0,19.6,1.0,62.2,-1.0,0.0,-0.3999999999999999,1.1999999999999993,-3.3999999999999986,-4.399999999999999,0.051382756764032866,-18.599999999999994,-142.2,-0.03586687161059143,-7.0,-12.400000000000006,-5.399999999999999,2.599999999999998,0.0,-0.3999999999999986,win
126393,울산 HD FC,대구FC,True,11.6,0.0,0.8,9.0,24.2,17.0,0.22000000000000003,76.0,483.2,0.8674813948668367,77.2,79.2,34.8,29.4,1.0,69.6,11.4,0.0,1.0,11.4,28.0,10.6,0.1361362493715435,73.2,442.6,0.8479370738448019,71.0,73.0,35.2,30.4,0.9925925925925926,67.6,2.5999999999999996,0.0,1.0,4.999999999999998,11.200000000000003,10.200000000000001,0.035327302556404705,27.0,117.60000000000002,0.04260290982199222,13.200000000000003,6.799999999999997,-4.200000000000003,-7.799999999999997,0.007407407407407418,-4.400000000000006,win
126394,전북 현대 모터스,포항 스틸러스,True,11.0,0.0,1.0,17.2,31.8,14.2,0.23832054560954816,86.0,479.0,0.874146349429475,88.4,65.0,30.6,23.2,1.0,52.8,10.4,0.0,1.0,11.6,33.0,14.4,0.2326873893370057,88.4,491.4,0.8766673951296872,75.0,68.4,27.6,18.4,1.0,71.2,-1.0,0.0,-0.4,3.5999999999999996,-1.1999999999999993,0.1999999999999993,-0.014237342651664875,4.799999999999997,21.0,0.00023653760537578616,14.0,-3.8000000000000114,5.600000000000001,11.8,0.0,7.200000000000003,draw
126395,FC서울,강원FC,True,12.6,0.0,2.2,13.6,28.0,11.4,0.19309056956115778,77.4,420.4,0.8638989350076092,75.6,66.8,38.6,22.0,1.0,68.8,8.6,0.0,1.4,12.4,31.0,14.8,0.2664059469941823,90.0,516.8,0.8720040501072625,84.0,71.2,30.2,24.0,1.0,64.4,3.200000000000001,0.0,0.20000000000000018,0.40000000000000036,4.200000000000003,3.0,-0.01798157724628313,1.4000000000000057,9.400000000000091,0.018287817403860984,-3.799999999999997,-2.200000000000003,-1.3999999999999986,0.6000000000000014,0.0,-7.599999999999994,win
126396,제주SK FC,인천 유나이티드,True,10.6,0.0,0.6,6.4,26.6,14.8,0.20571428571428574,81.8,501.0,0.8721064096633352,65.8,66.8,29.4,19.4,1.0,73.4,12.6,0.0,2.0,17.8,38.0,13.2,0.38618113912231555,102.8,578.0,0.9008249807789562,100.2,68.8,33.6,23.0,1.0,66.0,-1.5999999999999996,0.0,-1.2,-6.600000000000001,-9.0,-1.799999999999999,-0.22214267758385403,-25.200000000000003,-140.60000000000002,-0.05548122574058223,-34.8,9.600000000000009,2.799999999999997,5.600000000000001,0.0,-2.4000000000000057,win
126397,김천 상무 프로축구단,대구FC,True,12.8,0.0,0.6,10.4,24.4,16.4,0.28411764705882353,65.6,462.0,0.8537132301617042,77.0,79.6,36.0,27.4,1.0,68.0,10.6,0.0,0.8,9.2,25.6,11.0,0.16845948169477581,70.4,423.4,0.8396395590942207,68.6,70.4,34.2,31.4,0.9925925925925926,66.8,1.4000000000000004,0.0,0.5999999999999999,6.200000000000001,3.1999999999999993,5.399999999999999,0.10230849216143328,0.19999999999998863,-29.599999999999966,0.010249905817268812,1.8000000000000114,-1.2000000000000028,-4.400000000000002,-7.399999999999999,0.007407407407407418,5.0,win
126398,전북 현대 모터스,FC서울,True,11.2,0.0,1.4,13.0,36.0,16.4,0.24607142857142855,99.2,543.6,0.8922296968571196,81.8,68.4,27.0,24.6,1.0,83.0,11.2,0.0,0.6,14.2,29.2,12.0,0.18401002506265668,77.2,431.8,0.8838186759739903,67.8,65.2,31.2,22.0,1.0,65.8,-0.5999999999999996,0.0,0.20000000000000007,1.4000000000000004,1.8000000000000007,2.5999999999999996,0.06301145019411267,10.200000000000003,75.59999999999997,-0.006485405135170708,17.0,-1.0,1.0000000000000036,7.800000000000001,0.0,11.399999999999999,loss
126399,대전 하나 시티즌,수원FC,True,11.4,0.0,1.4,9.0,27.8,9.8,0.2676406926406926,79.6,476.0,0.8707849115960995,78.4,72.2,31.2,19.2,0.9925925925925926,77.6,10.8,0.0,1.2,9.2,28.6,18.6,0.11368663594470045,77.8,491.2,0.8821858555940011,69.0,71.4,30.4,30.8,1.0,73.4,-1.8000000000000007,0.0,-0.6,3.4000000000000004,-0.6000000000000014,-2.8000000000000007,-0.0063293833968852825,6.799999999999997,-50.599999999999966,-0.02362606409995105,15.599999999999994,0.5999999999999943,0.20000000000000284,-6.600000000000001,0.0,8.800000000000011,loss
126400,포항 스틸러스,울산 HD FC,True,10.0,0.0,1.4,12.0,33.4,16.2,0.18483253588516746,87.2,493.4,0.8742907343762433,79.0,71.0,32.4,23.4,1.0,65.4,11.8,0.0,0.6,11.0,28.6,14.2,0.3651890756302521,76.8,471.6,0.850371415632668,79.8,74.0,31.6,21.4,1.0,64.2,0.1999999999999993,0.0,0.6,6.0,5.0,2.1999999999999993,-0.0792494824016563,12.600000000000009,58.0,0.03822966084670698,9.0,-8.400000000000006,-1.4000000000000021,0.40000000000000213,0.0,16.200000000000003,win
126401,광주FC,제주SK FC,True,10.8,0.0,0.8,9.8,28.6,12.6,0.19903846153846155,80.4,464.8,0.8584831723713396,67.8,75.4,33.4,26.4,1.0,62.8,13.0,0.0,1.2,13.8,30.8,14.2,0.1554423545802856,83.4,483.2,0.8657128392716249,82.8,77.6,35.2,29.6,1.0,55.8,-2.1999999999999993,0.0,-0.19999999999999996,0.0,2.8000000000000007,5.0,0.06304759399381443,12.399999999999991,5.600000000000023,0.04235852065758239,-2.0,-13.0,-5.400000000000002,-15.000000000000002,0.0,-15.200000000000003,win
126402,인천 유나이티드,강원FC,True,11.8,0.0,1.8,12.4,24.6,11.0,0.19943977591036416,72.2,404.0,0.8651789898867035,71.6,64.4,35.6,22.8,1.0,67.6,9.4,0.0,1.4,13.6,31.4,12.8,0.31640594699418234,92.2,529.2,0.8716696344290993,84.6,67.6,29.0,23.0,1.0,76.6,0.7999999999999989,0.0,-0.7999999999999999,-6.199999999999999,-4.0,0.7999999999999989,-0.10624721683545221,-15.200000000000003,-30.400000000000034,0.0035834975797055524,-20.19999999999999,-1.5999999999999943,0.6000000000000014,-1.6000000000000014,0.0,12.799999999999997,loss
126403,인천 유나이티드,김천 상무 프로축구단,True,14.2,0.0,1.8,15.2,25.8,18.0,0.2352124183006536,65.8,376.2,0.8387063175096632,66.8,75.6,33.2,27.2,1.0,60.8,9.6,0.0,0.8,16.2,29.8,16.8,0.2164791133844842,82.0,453.6,0.8628760738529415,85.0,67.6,34.8,21.4,1.0,65.4,-0.7999999999999989,0.0,-0.20000000000000007,-9.2,-2.1999999999999993,-1.8000000000000007,-0.05102626557869522,-6.200000000000003,28.0,0.01969680977149313,-21.4,-5.199999999999996,-6.599999999999998,-0.5999999999999979,0.0,3.8000000000000043,draw
126404,수원FC,울산 HD FC,True,10.8,0.0,1.2,9.2,30.4,15.4,0.15983253588516746,80.0,472.8,0.8775838573230901,75.8,68.6,31.4,24.0,1.0,64.8,10.8,0.0,0.8,11.6,29.4,15.4,0.3101890756302521,81.6,484.2,0.8646761537687031,84.0,68.6,30.2,21.8,1.0,70.8,0.0,0.0,0.5999999999999999,-2.799999999999999,-2.0,-5.200000000000001,-0.09754838298955945,-0.5999999999999943,18.600000000000023,0.019678366274675674,-5.599999999999994,0.0,2.1999999999999993,-4.199999999999999,0.0,-2.799999999999997,draw
126405,제주SK FC,FC서울,True,11.8,0.0,2.4,12.2,36.4,15.0,0.2974603174603174,100.6,556.4,0.8951327153747826,83.2,66.2,27.4,25.6,1.0,81.0,11.4,0.0,0.8,12.8,26.8,11.6,0.15401002506265665,72.0,428.8,0.8805253850469261,65.4,65.8,29.4,23.6,1.0,66.2,-0.40000000000000036,0.0,0.0,-2.0,3.1999999999999993,2.5999999999999996,0.09118228262965106,12.200000000000003,26.80000000000001,-0.016701140548287752,7.599999999999994,5.6000000000000085,1.6000000000000014,4.399999999999999,0.0,9.400000000000006,win
126406,대구FC,포항 스틸러스,True,12.8,0.0,1.2,15.2,34.4,17.8,0.31093959322859577,97.2,567.8,0.9050592996417229,92.2,63.8,27.8,20.4,1.0,63.6,9.4,0.0,0.8,8.2,27.6,12.4,0.14862637362637363,72.6,451.6,0.8766956339391034,67.8,64.4,27.0,19.2,1.0,63.6,4.4,0.0,-0.20000000000000007,0.20000000000000107,-7.0,4.6,0.15157822995418904,-12.799999999999997,-27.80000000000001,-0.04256301758103753,8.400000000000006,17.799999999999997,10.399999999999999,7.0,0.0,-5.800000000000004,draw
126407,대전 하나 시티즌,전북 현대 모터스,True,12.2,0.0,0.8,13.4,27.8,14.2,0.23702147525676937,79.0,487.8,0.872137362503679,77.6,64.8,31.0,30.4,1.0,64.4,13.6,0.0,2.2,9.0,31.4,15.2,0.32222222222222224,82.6,497.6,0.883221068075857,73.8,65.4,32.6,22.6,1.0,57.8,-6.3999999999999995,0.0,-1.6,2.5999999999999996,-2.0,-1.799999999999999,-0.22581831653039086,0.0,-50.400000000000034,-0.01815139944376798,3.799999999999997,0.5999999999999943,-3.0,-1.8000000000000007,0.0,-7.799999999999997,draw
126408,강원FC,광주FC,True,10.6,0.0,1.4,12.0,34.6,20.0,0.16373954599761048,94.4,479.4,0.9143341822955451,82.4,62.4,30.4,15.0,1.0,64.8,9.8,0.0,1.0,11.4,27.4,17.4,0.208875992428624,75.8,392.8,0.8663980334743624,79.4,62.0,27.4,28.4,1.0,62.4,2.799999999999999,0.0,0.6000000000000001,2.4000000000000004,-2.599999999999998,-5.799999999999999,-0.033245740327783685,-0.3999999999999915,27.19999999999999,0.005441486452046007,-5.6000000000000085,2.200000000000003,7.0,-5.0,0.0,-1.8000000000000043,win
126409,대구FC,인천 유나이티드,True,9.8,0.0,0.8,7.2,29.4,13.4,0.21160669395963513,80.0,456.2,0.8726056200003252,65.0,63.4,27.6,19.8,1.0,68.8,15.8,0.0,1.6,15.0,30.8,19.0,0.3259844517517152,96.8,559.0,0.9077005162874693,98.0,72.4,27.8,21.6,1.0,64.2,-0.40000000000000036,0.0,-0.40000000000000013,-4.199999999999999,-6.199999999999999,-1.8000000000000007,-0.052779848171152555,-28.0,-154.0,-0.07132094053958682,-24.200000000000003,9.599999999999994,6.400000000000002,10.799999999999997,0.0,-4.599999999999994,draw
126410,김천 상무 프로축구단,수원FC,True,10.8,0.0,1.0,8.6,26.8,11.6,0.21718614718614715,77.8,485.6,0.8815644712175243,77.2,68.2,32.4,19.8,1.0,74.0,10.6,0.0,1.4,9.2,33.4,17.8,0.14721604770940633,89.2,519.8,0.8864563642882535,79.0,69.4,27.2,23.8,1.0,77.8,3.4000000000000004,0.0,0.20000000000000018,5.4,-10.599999999999998,2.3999999999999986,0.10756158798255155,-26.6,-126.99999999999994,-0.04148021072019281,-10.0,8.0,6.0000000000000036,4.800000000000001,0.0,15.199999999999996,loss
126411,울산 HD FC,광주FC,True,11.2,0.0,1.0,13.2,32.0,22.6,0.17907287933094385,90.4,479.8,0.9046311251597249,83.8,65.4,27.0,16.6,1.0,68.2,8.6,0.0,1.0,11.0,24.8,13.8,0.20030456385719547,70.6,395.2,0.86084148416141,84.6,60.8,31.0,30.4,1.0,70.2,1.4000000000000004,0.0,0.19999999999999996,0.0,2.599999999999998,1.5999999999999996,-0.04047202797202801,7.200000000000003,109.19999999999999,0.019899290030423233,-2.1999999999999886,7.400000000000006,-3.1999999999999993,-9.0,0.0,0.7999999999999972,loss
126412,포항 스틸러스,강원FC,True,11.6,0.0,1.4,11.6,25.2,12.4,0.162296918767507,78.0,437.8,0.8792404247815642,80.8,62.6,31.8,24.2,1.0,81.6,10.6,0.0,1.0,12.6,24.8,16.6,0.27754621848739497,75.0,465.2,0.8708190147251609,78.6,67.0,26.2,18.8,1.0,80.0,2.200000000000001,0.0,0.8,1.200000000000001,9.599999999999998,1.7999999999999972,0.016726708074534136,21.799999999999997,126.00000000000006,0.04520749351397191,13.600000000000009,-2.5999999999999943,1.6000000000000014,1.5999999999999979,0.0,8.599999999999994,win
126413,전북 현대 모터스,제주SK FC,True,12.6,0.0,1.2,11.2,25.4,14.0,0.23237179487179488,71.0,398.0,0.8514711596203778,66.4,71.0,30.8,28.0,1.0,52.4,13.6,0.0,1.6,11.0,32.2,15.8,0.16494107744107744,87.4,522.8,0.8874936418808312,83.4,74.4,30.4,24.2,1.0,64.8,-2.1999999999999993,0.0,-0.40000000000000013,0.1999999999999993,-4.600000000000001,-2.6000000000000014,0.051445477180771276,-11.600000000000009,-28.799999999999955,-0.009336866709396041,-10.0,-10.800000000000004,1.0,6.400000000000002,0.0,0.3999999999999915,win
126414,FC서울,대전 하나 시티즌,True,6.6,0.0,0.6,11.0,34.8,16.0,0.12798285306025242,91.6,503.4,0.8854592790216993,81.4,65.8,28.0,19.0,1.0,64.2,11.0,0.0,1.6,9.8,29.8,15.8,0.18753623188405796,90.4,548.6,0.9027088829004567,73.2,68.8,32.6,20.0,1.0,57.0,1.5999999999999996,0.0,1.0,2.1999999999999993,2.400000000000002,-3.200000000000001,0.14385265700483094,4.599999999999994,40.799999999999955,-0.010483162384686495,13.799999999999997,0.0,-2.200000000000003,6.800000000000001,0.0,-25.599999999999994,win
126415,울산 HD FC,FC서울,True,13.6,0.0,2.6,13.2,35.0,12.8,0.27234126984126983,98.0,590.6,0.8961069086345821,85.0,71.6,28.0,25.6,1.0,76.6,12.2,0.0,1.0,11.8,20.6,10.4,0.20549450549450549,56.8,391.2,0.8533343813780107,58.2,65.8,27.6,25.8,1.0,58.2,-2.3999999999999986,0.0,0.0,0.3999999999999986,11.2,6.4,-0.049305694305694314,28.0,138.2,0.034968637332588814,31.0,-0.20000000000000284,-0.20000000000000284,-3.6000000000000014,0.0,-7.3999999999999915,win
126416,대전 하나 시티즌,강원FC,True,9.2,0.0,0.8,12.6,26.0,13.0,0.10515406162464987,81.0,479.6,0.896225763446292,80.0,60.2,30.4,22.2,1.0,79.2,9.2,0.0,1.2,10.2,23.0,15.4,0.2311176470588235,73.8,453.8,0.8738265335221534,75.0,63.6,27.6,23.2,1.0,84.2,-1.9999999999999991,0.0,-0.3999999999999999,1.6000000000000014,10.0,0.5999999999999996,-0.056980947844724905,14.600000000000009,47.599999999999966,0.008513093984654607,4.599999999999994,1.6000000000000014,0.1999999999999993,-2.3999999999999986,0.0,21.400000000000006,draw
126417,제주SK FC,포항 스틸러스,True,10.0,0.0,2.0,12.2,32.2,15.4,0.2584033613445378,92.2,580.2,0.9160393170926124,93.8,59.8,29.4,23.0,1.0,79.0,10.8,0.0,1.0,9.0,26.8,14.4,0.11585714285714285,75.2,473.4,0.8976552024148676,66.2,61.2,25.8,25.6,1.0,66.8,1.799999999999999,0.0,0.3999999999999999,1.1999999999999993,0.1999999999999993,0.5999999999999996,0.1677967032967033,0.7999999999999972,-59.39999999999998,-0.04490673283657576,6.599999999999994,10.599999999999994,1.3999999999999986,2.0,0.0,15.399999999999999,win
126418,광주FC,인천 유나이티드,True,7.8,0.0,0.4,7.4,27.6,10.4,0.15922574157868274,75.6,456.4,0.8648939218241223,66.6,68.4,34.0,21.4,1.0,65.4,14.6,0.0,1.2,11.8,29.8,20.0,0.2742936304956765,93.2,523.2,0.886799003474873,91.2,80.0,26.6,19.6,1.0,58.4,-2.799999999999999,0.0,-0.3999999999999999,0.0,-2.6000000000000014,1.6000000000000014,-0.128554084498066,-12.0,-66.20000000000005,0.01698250006824953,-13.799999999999997,-13.799999999999997,2.799999999999997,0.3999999999999986,0.0,-7.399999999999999,loss
126419,수원FC,대구FC,True,14.6,0.0,1.0,10.6,25.6,18.6,0.27429156010230177,68.0,398.2,0.8301065239052103,74.0,83.4,33.8,30.0,1.0,61.6,11.2,0.0,1.2,11.6,24.8,13.4,0.2225193107546049,67.8,455.4,0.8524466646421219,71.4,74.2,40.8,30.6,1.0,59.2,-0.1999999999999993,0.0,0.0,-5.199999999999999,-2.0,-2.8000000000000007,-0.0100950683303625,-0.7999999999999972,-30.599999999999966,0.009468683768385056,-0.6000000000000085,-4.799999999999997,-5.0,-10.8,0.0,-9.599999999999994,draw
126420,김천 상무 프로축구단,전북 현대 모터스,True,9.2,0.0,1.2,7.6,25.4,12.2,0.18476262299791713,70.0,460.8,0.8663083772756917,66.6,65.4,30.4,29.4,1.0,64.8,11.2,0.0,2.0,9.6,31.2,14.4,0.31475355054302423,81.6,518.0,0.8825209222438701,80.8,66.8,30.0,25.2,1.0,59.4,3.4000000000000004,0.0,-0.19999999999999996,6.4,-3.599999999999998,9.999999999999998,-0.0758542932294447,-3.799999999999997,-73.0,-0.023791729266716466,-12.799999999999997,17.200000000000003,3.3999999999999986,-1.3999999999999986,0.0,-9.199999999999996,win
126421,전북 현대 모터스,울산 HD FC,True,8.4,0.0,0.6,12.2,32.6,16.6,0.158006993006993,90.0,520.4,0.8831515035590842,86.0,66.2,28.8,22.4,1.0,70.8,10.6,0.0,0.6,9.4,21.8,14.8,0.2669964349376114,65.4,426.6,0.8733194656596954,73.8,67.4,34.2,23.4,1.0,79.2,-2.1999999999999993,0.0,0.6,-2.4000000000000004,1.1999999999999993,-4.200000000000001,-0.08354100148217791,-3.8000000000000043,-24.200000000000045,-0.021599258130498455,-13.199999999999996,-5.000000000000007,-2.400000000000002,2.400000000000002,0.0,22.400000000000006,win
126422,강원FC,제주SK FC,True,14.0,0.0,1.4,9.4,23.4,14.8,0.2878205128205128,72.4,430.6,0.856155069638843,74.8,71.0,27.8,25.4,1.0,51.6,11.0,0.0,1.4,11.6,35.0,15.0,0.22791310541310544,87.4,500.4,0.8864404953534283,78.2,66.8,29.6,24.6,1.0,56.4,-1.4000000000000004,0.0,-0.7999999999999999,0.0,-11.0,-1.8000000000000007,-0.13648453398453403,-13.400000000000006,-23.19999999999999,0.008040870757915153,-0.4000000000000057,-4.399999999999999,-0.20000000000000284,-3.400000000000002,0.0,-16.000000000000007,win
126423,인천 유나이티드,수원FC,True,11.2,0.0,1.6,6.6,29.4,12.2,0.22575757575757574,83.0,460.0,0.8662828096807292,77.4,72.0,35.6,21.6,1.0,69.8,9.4,0.0,0.8,11.6,32.8,23.8,0.18312338361674224,88.6,528.2,0.890954676307441,77.4,72.6,27.4,21.0,1.0,71.2,-0.40000000000000036,0.0,-0.4,-0.5999999999999996,-6.599999999999998,-12.200000000000001,0.006871588731171274,-16.39999999999999,-90.20000000000005,-0.03264572421608114,-6.0,-2.3999999999999915,8.399999999999999,1.0,0.0,19.200000000000003,loss
126424,대구FC,광주FC,True,12.8,0.0,0.6,12.4,34.2,23.0,0.11750425187996345,86.0,456.0,0.9036245955787662,80.4,68.6,27.0,22.2,1.0,69.2,9.0,0.0,0.8,15.6,30.4,14.6,0.18993006993006994,83.6,436.0,0.8666396681358783,91.4,65.8,33.0,28.6,1.0,58.2,4.6,0.0,0.19999999999999996,-6.0,-6.199999999999999,5.799999999999999,0.09007577588651755,-21.39999999999999,-43.60000000000002,-0.027879843682152794,-20.0,16.799999999999997,0.6000000000000014,1.3999999999999986,0.0,1.8000000000000043,loss
126425,FC서울,김천 상무 프로축구단,True,17.2,0.0,1.8,19.6,33.4,28.0,0.22579001361610057,95.4,504.6,0.8821103365992611,69.0,85.4,31.6,22.8,1.0,67.8,9.2,0.0,0.6,8.8,20.0,13.2,0.16112969156447415,58.2,358.6,0.8176652797060371,69.2,73.0,36.4,21.4,1.0,61.4,3.6000000000000014,0.0,1.4,3.5999999999999996,8.8,-0.1999999999999993,0.1635925306577481,27.799999999999997,211.60000000000002,0.07361404272164862,14.799999999999997,-1.0,-8.599999999999998,2.8000000000000007,0.0,-15.600000000000001,win
126426,대전 하나 시티즌,포항 스틸러스,True,8.0,0.0,1.6,10.8,29.8,14.0,0.22428571428571428,82.6,529.8,0.9059309450247106,80.4,54.6,30.2,25.4,1.0,71.8,13.8,0.0,1.0,10.2,24.2,16.0,0.18252380952380953,74.2,459.2,0.8947283523402246,68.6,64.2,25.0,22.6,1.0,64.8,-7.800000000000001,0.0,-0.4,1.4000000000000004,7.0,-2.8000000000000007,-0.010492373467605676,16.200000000000003,43.60000000000002,-0.016010133635505963,14.600000000000009,2.200000000000003,5.0,-2.0,0.0,-3.0,loss
126427,제주SK FC,울산 HD FC,True,8.2,0.0,0.4,14.4,33.4,17.0,0.165,90.6,548.6,0.8884402573584763,93.6,68.6,27.0,19.2,1.0,69.4,10.4,0.0,1.0,9.4,23.6,15.4,0.22287878787878784,75.0,415.4,0.8854618161549872,69.6,63.4,33.2,22.2,1.0,75.8,3.4000000000000004,0.0,0.19999999999999996,0.40000000000000036,0.0,-1.200000000000001,0.06686480186480187,-11.600000000000001,5.400000000000034,-0.030746740481596424,2.200000000000003,5.800000000000004,-4.600000000000001,3.1999999999999993,0.0,23.199999999999996,win
126428,강원FC,전북 현대 모터스,True,7.6,0.0,1.4,7.6,26.0,11.8,0.1905982905982906,68.2,401.4,0.8552003716878837,62.6,62.4,32.2,24.8,1.0,52.6,13.2,0.0,2.0,15.6,36.8,18.8,0.29438725017672385,93.6,550.2,0.8924513020018306,85.8,70.6,27.6,21.8,1.0,53.4,-1.5999999999999996,0.0,-0.8,-4.4,-10.999999999999996,-4.600000000000001,-0.13153010731958098,-9.599999999999994,-32.80000000000007,0.007250009230418297,-2.0,-7.999999999999993,2.3999999999999986,-2.0,0.0,-29.000000000000007,win
126429,광주FC,수원FC,True,12.4,0.0,2.2,7.8,29.2,10.8,0.2712121212121212,78.2,463.8,0.8633368002910577,75.4,67.6,37.2,21.8,1.0,62.0,9.0,0.0,1.0,11.2,35.8,21.2,0.17308754132283544,94.4,553.4,0.8909816022186705,80.0,71.8,26.6,18.8,1.0,69.8,3.8000000000000007,0.0,-0.4,2.6000000000000014,-2.0,-2.599999999999998,-0.06561913173677877,-12.0,-111.0,0.012118576511631063,-2.0,-6.200000000000003,2.3999999999999986,4.0,0.0,6.199999999999996,win
126430,대구FC,대전 하나 시티즌,True,6.8,0.0,0.8,9.4,35.2,13.8,0.19869810272287053,92.8,521.6,0.8840895443413354,78.0,65.2,30.2,23.2,1.0,71.8,10.2,0.0,1.8,11.0,32.6,12.2,0.16888888888888887,81.2,544.2,0.8864498292256686,75.4,68.6,31.6,24.0,1.0,47.4,4.200000000000001,0.0,-0.8,-2.4000000000000004,-7.600000000000001,11.0,0.05570898728822998,-10.0,-159.40000000000003,-0.03786660262348451,-6.6000000000000085,12.400000000000006,0.1999999999999993,8.799999999999997,0.0,-8.200000000000003,draw
126431,인천 유나이티드,FC서울,True,13.6,0.0,2.0,12.0,27.2,12.8,0.3113888888888888,79.4,511.6,0.8854129073725445,77.8,72.2,27.8,22.8,1.0,67.6,10.2,0.0,1.2,11.6,21.6,11.8,0.20525641025641023,62.4,416.4,0.8509859961364683,63.6,67.0,27.4,24.4,1.0,65.2,-1.5999999999999996,0.0,-0.6,-1.799999999999999,5.799999999999997,1.5999999999999996,-0.03748366013071894,16.4,46.400000000000034,0.011481684769646616,13.800000000000004,3.200000000000003,6.600000000000001,-4.199999999999999,0.0,6.800000000000004,loss
126432,포항 스틸러스,김천 상무 프로축구단,True,16.8,0.0,1.4,17.0,30.6,25.8,0.2063455691716561,87.0,500.8,0.8828423084047916,67.6,80.2,30.6,23.0,1.0,65.0,11.0,0.0,0.8,6.8,19.0,12.6,0.2277963582311408,57.8,342.4,0.8184713373513717,63.4,71.6,33.8,22.2,1.0,70.8,-3.4000000000000004,0.0,1.0,6.3999999999999995,10.8,-1.0,0.015536975102192513,24.400000000000006,163.60000000000002,0.0754013160762328,17.6,-17.599999999999994,-3.3999999999999986,5.800000000000001,0.0,3.799999999999997,loss
126433,전북 현대 모터스,광주FC,True,11.4,0.0,0.4,12.8,27.0,14.4,0.1593202614379085,74.4,407.6,0.8887862932413857,72.4,63.2,31.2,22.0,1.0,70.4,11.2,0.0,0.4,16.2,34.2,19.8,0.1700457098080188,92.8,490.4,0.87852285867656,94.6,65.2,31.6,27.4,1.0,66.6,-4.799999999999999,0.0,0.9999999999999999,-9.399999999999999,-7.0000000000000036,-6.0,-0.007225196987505983,-24.200000000000003,-79.0,-0.01639031598318308,-28.39999999999999,-2.8000000000000043,0.3999999999999986,-1.7999999999999972,0.0,18.799999999999997,loss
126434,김천 상무 프로축구단,강원FC,True,12.0,0.0,1.8,9.8,26.6,10.8,0.15333333333333332,81.2,504.0,0.8936989465565919,80.2,59.0,32.0,21.4,1.0,90.4,7.2,0.0,0.8,8.0,24.8,13.8,0.19614529914529916,73.6,483.2,0.884219421594351,80.4,64.2,29.2,27.2,1.0,81.4,7.8,0.0,0.3999999999999999,6.6,4.0,10.399999999999999,0.005755825581912538,7.400000000000006,7.400000000000034,0.0015630577506114962,-11.600000000000009,12.799999999999997,-1.1999999999999993,-6.399999999999999,0.0,21.200000000000003,loss
126435,울산 HD FC,대구FC,True,15.4,0.0,1.2,9.0,28.4,22.0,0.24556974318479147,78.8,385.0,0.8729006825110858,65.6,74.4,30.0,30.2,1.0,48.2,10.2,0.0,1.2,12.0,30.2,12.6,0.18299145299145297,76.2,519.6,0.8938561127205842,78.2,69.6,34.4,24.0,1.0,55.6,-1.5999999999999996,0.0,-0.7999999999999999,3.5999999999999996,5.0000000000000036,5.6,-0.01571872571872568,17.0,33.799999999999955,-0.0099816121859293,16.200000000000003,3.200000000000003,-7.199999999999999,-5.600000000000001,0.0,-13.600000000000001,win
126436,제주SK FC,인천 유나이티드,True,9.0,0.0,0.6,10.4,29.8,14.0,0.1824786324786325,83.8,479.4,0.8591019547483508,79.0,73.6,33.4,21.6,1.0,57.6,11.6,0.0,1.2,10.6,28.8,14.8,0.32170259408111074,73.8,432.6,0.8590212051387995,77.0,71.6,33.6,24.0,1.0,51.2,3.0,0.0,0.0,-2.4000000000000004,-6.600000000000001,-0.20000000000000107,-0.06477951715803382,-10.199999999999996,-7.600000000000023,0.00039370979659414385,-9.200000000000003,-2.3999999999999915,-3.200000000000003,-2.6000000000000014,0.0,-11.799999999999997,loss
126437,수원FC,대전 하나 시티즌,True,7.0,0.0,1.0,9.4,30.4,13.0,0.20593792172739542,84.0,492.0,0.8820780620668598,74.8,65.4,29.6,22.0,1.0,66.6,11.4,0.0,1.6,11.2,31.4,13.6,0.19594771241830067,75.8,496.4,0.8879046374902722,71.6,67.0,29.8,23.6,1.0,42.4,0.7999999999999989,0.0,0.19999999999999996,-1.1999999999999993,-3.0,-1.0,0.09736967195171525,-3.0,-57.799999999999955,-0.0315436897651864,7.6000000000000085,0.0,6.400000000000002,-2.0,0.0,-23.000000000000007,loss
126438,포항 스틸러스,FC서울,True,12.4,0.0,1.2,10.8,25.2,12.4,0.33678571428571424,75.0,491.6,0.8738382359704813,75.8,73.4,29.2,23.6,1.0,67.2,9.8,0.0,1.0,11.4,23.4,14.2,0.20525641025641023,67.8,417.6,0.8514006516871483,66.0,68.6,27.2,22.0,1.0,59.6,-2.4000000000000004,0.0,0.6000000000000001,2.799999999999999,10.200000000000003,-1.5999999999999996,0.05117216117216117,17.200000000000003,98.19999999999993,0.03720343115744329,15.400000000000006,-11.599999999999994,4.0,8.2,0.0,-6.800000000000004,loss
126439,대구FC,김천 상무 프로축구단,True,14.2,0.0,1.0,15.4,33.8,23.8,0.1609073359073359,88.0,459.4,0.8811964920838161,66.6,75.4,27.2,20.4,1.0,55.4,8.8,0.0,1.0,9.2,23.6,13.0,0.2171802054154995,67.0,377.4,0.8450804776790916,67.2,63.2,33.0,18.4,1.0,63.8,5.0,0.0,-0.4,-2.3999999999999995,0.7999999999999972,8.399999999999999,0.007662265042019251,0.5999999999999943,-8.199999999999989,0.008274590964613693,-3.0,15.0,-1.1999999999999993,7.0,0.0,14.0,win
126440,FC서울,제주SK FC,True,12.0,0.0,0.6,7.8,26.4,15.0,0.2521611721611722,73.6,468.2,0.8736943895555541,77.6,68.0,32.6,21.8,1.0,65.6,11.2,0.0,1.4,10.4,33.0,14.8,0.2687206910736322,81.4,488.8,0.8794992897951941,78.0,67.4,29.8,26.8,1.0,60.4,-0.3999999999999986,0.0,-0.19999999999999996,-1.0,-10.399999999999999,-4.4,0.005565023212082076,-14.200000000000003,-65.60000000000002,-0.019068853254023077,-10.0,3.1999999999999886,2.1999999999999993,-0.40000000000000213,0.0,5.199999999999996,win
126441,전북 현대 모터스,포항 스틸러스,True,8.6,0.0,1.2,13.2,36.2,14.8,0.2513003663003663,92.8,500.4,0.8786909206535203,79.4,60.4,31.2,29.6,1.0,63.0,11.0,0.0,1.0,7.0,21.8,11.2,0.13333333333333336,66.4,423.6,0.8676102422894691,63.8,65.6,34.4,23.4,1.0,54.6,-3.0,0.0,0.0,3.4000000000000004,7.199999999999999,6.199999999999999,0.036894586894586856,7.799999999999997,-6.800000000000011,-0.00027275441984675464,-2.3999999999999986,-2.999999999999993,-5.0,1.0,0.0,1.0,win
126442,대전 하나 시티즌,인천 유나이티드,True,8.8,0.0,0.6,10.4,30.2,14.8,0.17161890397184515,78.0,494.0,0.8657388784789648,83.8,73.4,33.2,21.4,1.0,45.0,9.8,0.0,1.0,10.8,32.6,13.0,0.2807088052612349,81.0,434.8,0.8570354945028258,79.6,68.0,36.2,26.2,1.0,50.4,-1.8000000000000007,0.0,0.0,-0.8000000000000007,-5.0,-2.4000000000000004,-0.04920697375940339,-6.400000000000006,18.0,0.008703837800646763,-7.3999999999999915,-0.7999999999999972,-0.8000000000000043,-3.0,0.0,-9.200000000000003,win
126443,울산 HD FC,수원FC,True,14.4,0.0,1.6,12.4,33.6,18.6,0.2826743688489516,79.4,463.2,0.859885840396623,81.6,73.8,35.8,20.6,1.0,60.8,9.8,0.0,1.2,9.6,29.4,16.4,0.2533676533676534,81.6,436.8,0.8657320538849275,67.6,71.0,34.0,19.2,1.0,60.4,0.0,0.0,-1.0,6.200000000000001,5.200000000000003,0.20000000000000284,-0.056094926094926084,11.600000000000009,71.80000000000001,0.009022721824821112,17.80000000000001,3.799999999999997,-4.199999999999999,3.8000000000000007,0.0,-5.000000000000007,loss
126444,강원FC,광주FC,True,10.4,0.0,0.6,15.6,29.2,11.0,0.1523202614379085,78.0,409.0,0.896906473794329,73.0,60.0,35.0,21.4,1.0,65.0,12.6,0.0,0.2,18.2,34.8,23.2,0.1796753394376484,93.2,497.0,0.8851818302668344,81.8,66.0,29.2,26.6,1.0,56.4,-0.5999999999999996,0.0,1.8,-8.6,-9.199999999999996,-11.0,-0.022812594339609193,-14.400000000000006,-1.6000000000000227,0.010709653331134494,-9.399999999999991,-7.0,2.6000000000000014,-7.600000000000001,0.0,-20.6,win
126445,포항 스틸러스,대구FC,True,13.2,0.0,1.2,7.6,23.2,19.2,0.21542218060244625,65.2,359.6,0.8607822017557323,67.0,71.6,32.2,24.8,1.0,60.8,13.2,0.0,0.6,10.8,28.4,16.4,0.17584859584859586,78.0,482.0,0.8816087564910134,66.8,73.0,27.4,24.4,1.0,65.2,-4.199999999999999,0.0,0.20000000000000007,6.199999999999999,8.399999999999999,1.2000000000000028,0.05954267954267953,12.200000000000003,15.600000000000023,-0.007652645835461103,12.600000000000009,-10.600000000000001,2.6000000000000014,3.200000000000003,0.0,11.600000000000001,loss
126446,인천 유나이티드,전북 현대 모터스,True,9.4,0.0,1.0,11.4,30.0,17.2,0.17407407407407408,74.2,412.8,0.8663621492805784,61.2,63.4,28.4,21.2,1.0,52.4,13.4,0.0,1.6,21.8,32.0,16.4,0.14134365634365634,85.2,495.2,0.8948629718028966,81.2,64.4,31.8,20.6,1.0,61.0,-3.200000000000001,0.0,-0.8,-11.4,2.200000000000003,2.200000000000003,0.02094191429485548,-2.0,16.400000000000034,-0.017445539549480804,4.200000000000003,5.799999999999997,-4.600000000000001,-1.4000000000000021,0.0,10.399999999999999,loss
126447,FC서울,강원FC,True,13.2,0.0,2.6,9.6,25.6,11.8,0.2568627450980392,76.2,454.4,0.8799470963190197,76.6,58.0,33.8,20.6,1.0,79.0,8.4,0.0,0.4,10.8,28.8,15.2,0.18876935929567507,79.2,459.4,0.8856411251856595,76.8,65.8,27.6,21.6,1.0,74.2,1.1999999999999993,0.0,0.6,-3.8000000000000007,-12.2,-5.799999999999999,0.07884968832337258,-19.200000000000003,-79.0,-0.0369218087360893,-9.799999999999997,2.799999999999997,7.0,5.0,0.0,10.600000000000001,win
126448,광주FC,울산 HD FC,True,9.4,0.0,0.4,13.0,32.0,13.8,0.1754778554778555,87.0,501.8,0.8764350152121295,77.8,73.4,30.4,22.0,1.0,73.8,12.0,0.0,1.0,8.4,20.2,15.8,0.27155844155844155,61.2,367.4,0.8484415445464795,63.8,73.4,33.2,19.4,1.0,63.6,-2.5999999999999996,0.0,-0.6,9.799999999999999,10.600000000000001,-4.0,-0.12485221520825235,21.39999999999999,70.60000000000002,0.05241733043781982,11.600000000000009,-13.800000000000004,-2.0000000000000036,-1.1999999999999993,0.0,-3.999999999999993,loss
126449,수원FC,제주SK FC,True,12.4,0.0,0.4,7.6,26.2,14.4,0.21216117216117217,71.2,443.8,0.868129463451828,73.0,69.0,34.8,20.4,1.0,66.8,12.0,0.0,1.2,10.0,30.6,14.2,0.2425668449197861,77.2,485.6,0.8752575931165225,79.0,69.0,29.0,23.8,1.0,64.8,3.4000000000000004,0.0,0.40000000000000013,3.5999999999999996,4.0,4.0,0.08772657154821314,7.3999999999999915,-14.200000000000045,-0.013320305082400785,1.5999999999999943,3.4000000000000057,4.399999999999999,-2.0,0.0,3.5999999999999943,win
126450,김천 상무 프로축구단,대전 하나 시티즌,True,8.0,0.0,1.2,7.0,25.6,9.4,0.15457875457875458,74.4,441.4,0.87298149025978,73.2,65.4,38.8,24.0,1.0,71.4,13.8,0.0,1.0,13.2,35.0,22.0,0.214961262553802,80.4,488.6,0.88835717527354,75.6,71.8,30.2,20.2,1.0,49.6,1.799999999999999,0.0,-0.19999999999999996,-1.1999999999999993,-8.600000000000001,0.0,-0.032818405410944856,-11.200000000000003,-62.400000000000034,-0.017231806446678544,-14.999999999999993,3.0,-5.0,-0.1999999999999993,0.0,-9.0,draw
126451,울산 HD FC,포항 스틸러스,True,11.6,0.0,0.8,16.0,38.8,18.8,0.21289127539127536,97.0,517.2,0.8795220035803132,80.0,65.8,29.8,25.6,1.0,58.6,10.0,0.0,1.6,6.2,22.6,10.8,0.15303030303030302,58.2,361.6,0.8475216472018972,60.6,67.6,38.0,24.2,1.0,46.4,1.4000000000000004,0.0,-1.2000000000000002,4.6000000000000005,6.199999999999999,4.0,0.0557808857808858,16.0,94.19999999999999,0.008383541442670062,9.999999999999993,5.800000000000011,-9.2,-0.1999999999999993,0.0,-18.000000000000007,win
126452,대구FC,인천 유나이티드,True,10.4,0.0,0.6,9.0,39.2,21.0,0.16351633986928105,89.6,522.0,0.8770016318376153,86.0,74.8,26.8,17.2,1.0,64.0,8.0,0.0,1.6,9.2,20.6,8.6,0.3155844155844155,59.8,391.8,0.843319533904257,73.6,64.0,43.0,27.6,1.0,59.0,4.4,0.0,-0.40000000000000013,-1.799999999999999,2.3999999999999986,10.000000000000002,-0.1495128843326186,4.799999999999997,-39.19999999999999,0.013711328087273933,-6.199999999999989,5.799999999999997,-10.600000000000001,-5.400000000000002,0.0,1.2000000000000028,loss
126453,제주SK FC,김천 상무 프로축구단,True,14.6,0.0,0.6,8.4,22.8,18.4,0.17172268907563026,60.0,379.4,0.8532754409769335,58.2,76.0,27.4,21.2,1.0,54.6,10.4,0.0,1.4,12.0,28.6,13.6,0.21162464985994398,79.6,414.0,0.8632236623490332,71.4,62.0,32.8,20.4,1.0,74.8,0.40000000000000036,0.0,-1.2,-3.4000000000000004,0.1999999999999993,0.8000000000000007,-0.02613014436543848,-12.0,28.399999999999977,0.008992081514131556,-1.8000000000000114,4.0,2.200000000000003,2.0,0.0,13.199999999999996,win
126454,전북 현대 모터스,FC서울,True,11.4,0.0,1.4,7.8,18.8,8.6,0.2373160173160173,66.0,360.2,0.835887550514356,70.6,69.6,40.8,26.2,1.0,65.8,12.0,0.0,0.2,10.6,31.6,20.8,0.21505698005698007,79.0,473.0,0.8581920256580698,73.2,79.4,27.0,23.0,1.0,63.2,-2.0,0.0,1.0,1.200000000000001,-1.2000000000000028,-3.1999999999999993,0.009522144522144504,-4.200000000000003,-39.60000000000002,0.00849351564550549,-10.200000000000003,-10.800000000000011,4.800000000000001,-0.3999999999999986,0.0,6.0,draw
126455,대전 하나 시티즌,광주FC,True,9.8,0.0,0.4,18.6,25.6,10.8,0.16827485380116958,84.0,426.8,0.8993010767055548,72.8,60.8,32.8,20.2,1.0,78.2,13.8,0.0,0.8,11.2,26.0,20.0,0.2637779035402125,68.8,411.0,0.8570127464048423,67.0,63.2,28.6,25.6,1.0,64.6,-3.6000000000000014,0.0,0.3999999999999999,-2.5999999999999996,1.0,-9.8,-0.08253248229479129,-4.0,1.0,0.0056462677570605635,-3.799999999999997,2.5999999999999943,10.0,-2.8000000000000007,0.0,9.799999999999997,win
126456,강원FC,수원FC,True,15.8,0.0,2.2,14.4,30.4,15.8,0.3502934164679993,79.2,437.4,0.8554950433621666,81.2,69.4,35.0,19.8,1.0,57.6,9.2,0.0,0.8,9.0,31.8,11.6,0.20269841269841268,82.8,459.8,0.8749150443149304,69.6,63.2,32.4,19.0,1.0,68.2,5.0,0.0,1.5999999999999999,1.8000000000000007,-6.0,2.0,0.07268285091814505,-6.0,-5.400000000000034,-0.0012671605943358477,7.200000000000003,1.3999999999999915,-1.1999999999999993,4.199999999999999,0.0,-13.799999999999997,draw
126457,울산 HD FC,강원FC,True,11.4,0.0,2.0,10.0,24.8,13.0,0.21982570806100216,72.0,434.6,0.8651862181554921,71.6,64.8,32.0,20.8,1.0,81.8,10.8,0.0,1.0,13.2,29.2,17.4,0.16376547429179006,77.8,403.2,0.8602540038985591,77.6,73.6,31.0,21.2,1.0,67.4,2.5999999999999996,0.0,0.19999999999999996,-4.6,-0.3999999999999986,-1.799999999999999,0.018801370627996028,0.20000000000000284,34.19999999999999,-0.0025003406395598393,-13.399999999999991,-2.0,-1.1999999999999993,3.6000000000000014,0.0,-3.3999999999999915,win
126458,광주FC,포항 스틸러스,True,12.0,0.0,1.2,14.8,36.6,19.8,0.20336746586746585,92.4,488.4,0.8738672416755513,78.4,66.4,28.8,22.0,1.0,61.4,12.0,0.0,2.2,5.8,19.2,11.2,0.1616577540106952,57.2,331.0,0.8407240505737921,61.6,67.4,38.0,23.2,1.0,49.2,-1.5999999999999996,0.0,-1.8000000000000003,11.399999999999999,8.2,-0.7999999999999989,0.07010916328253786,30.39999999999999,113.60000000000002,0.05633474307992825,11.999999999999993,-3.200000000000003,-6.800000000000001,-4.599999999999998,0.0,-33.0,win
126459,FC서울,대전 하나 시티즌,True,11.2,0.0,1.4,7.2,20.4,8.0,0.20457875457875457,54.4,358.6,0.843980705653086,61.2,66.6,38.6,26.4,1.0,57.6,17.4,0.0,0.8,10.8,35.8,21.4,0.23596966591514654,83.8,468.8,0.8856834662050879,69.6,78.0,30.0,17.8,1.0,52.8,-7.399999999999999,0.0,0.3999999999999999,-1.200000000000001,-17.999999999999996,-11.999999999999998,-0.0653203152657959,-23.599999999999994,-98.60000000000002,-0.05801255376014014,4.800000000000011,-6.0,12.799999999999997,7.399999999999999,0.0,-5.400000000000006,loss
126460,제주SK FC,대구FC,True,12.2,0.0,1.4,7.2,19.0,14.0,0.17736185383244205,58.6,322.4,0.836220076252949,63.2,69.4,37.2,20.8,1.0,57.8,15.4,0.0,0.8,10.0,26.4,18.0,0.21826923076923074,73.2,471.6,0.8709833893808225,63.4,77.8,26.2,23.6,1.0,64.2,-5.200000000000001,0.0,-0.6000000000000001,-1.1999999999999993,0.20000000000000284,-3.4000000000000004,-0.05255494505494501,-5.799999999999997,-61.400000000000034,-0.009280513505067534,4.199999999999996,-11.599999999999994,11.599999999999998,-0.40000000000000213,0.0,-2.0,loss
126461,수원FC,전북 현대 모터스,True,10.0,0.0,0.8,11.4,30.6,16.2,0.23611758611758615,74.2,451.4,0.8621487052099145,65.4,72.4,31.2,25.0,1.0,61.8,9.8,0.0,1.0,18.6,29.6,14.4,0.06609090909090909,76.0,452.6,0.8735103597679663,82.4,66.2,34.4,20.6,1.0,68.0,5.799999999999999,0.0,0.8,-4.200000000000001,2.6000000000000014,4.200000000000001,0.23975806293264573,8.599999999999994,-6.0,-0.021314111671157487,3.799999999999997,10.0,-2.3999999999999986,-2.0,0.0,5.200000000000003,loss
126462,김천 상무 프로축구단,인천 유나이티드,True,12.0,0.0,0.8,9.4,35.4,21.6,0.19843697478991598,80.6,500.6,0.8680021835749067,83.0,79.2,29.0,21.0,1.0,62.8,8.4,0.0,1.0,7.8,19.6,9.4,0.26558441558441553,64.4,379.2,0.8315965935222387,71.4,67.8,45.0,28.6,1.0,64.0,8.200000000000001,0.0,-0.4,0.20000000000000018,2.3999999999999986,9.799999999999999,-0.06886172650878528,-6.200000000000003,-13.199999999999989,0.011792211309065825,-12.600000000000009,11.200000000000003,-14.600000000000001,-4.600000000000001,0.0,3.0,win
126463,수원FC,김천 상무 프로축구단,True,16.6,0.0,0.8,9.8,24.6,20.4,0.20672268907563024,68.4,386.8,0.8429069566464861,59.8,81.2,31.2,25.8,1.0,64.8,11.0,0.0,1.2,9.8,22.6,13.6,0.20150560224089636,63.6,408.4,0.8490816842730358,66.6,70.6,36.2,20.6,1.0,66.2,3.5999999999999996,0.0,0.6000000000000001,3.3999999999999986,8.599999999999998,6.200000000000001,0.09423810662476367,24.4,23.200000000000045,-0.00132558874278077,15.800000000000011,5.200000000000003,-5.200000000000003,-2.400000000000002,0.0,1.6000000000000085,loss
126464,대구FC,FC서울,True,11.2,0.0,1.4,9.4,20.2,11.0,0.10969696969696971,65.4,365.8,0.8334085344095981,69.4,74.6,41.2,21.8,1.0,63.8,12.0,0.0,0.8,12.2,32.2,18.6,0.28492877492877494,79.6,456.6,0.8420766973182431,72.4,84.6,29.8,24.8,0.9923076923076923,64.4,-0.1999999999999993,0.0,1.2,-3.799999999999999,-14.000000000000004,-6.400000000000002,-0.10462574462574464,-26.999999999999993,-145.20000000000005,-0.02831006236084066,-6.200000000000003,-10.599999999999994,10.8,-3.8000000000000007,0.007692307692307665,6.000000000000007,draw
126465,포항 스틸러스,강원FC,True,9.4,0.0,1.2,11.2,26.2,15.0,0.23411142234671645,74.2,444.4,0.8624657566354619,69.0,69.0,30.4,20.4,1.0,70.8,11.0,0.0,1.2,12.6,25.8,15.2,0.22725753778385357,77.2,380.8,0.8465747256273513,74.8,72.0,33.4,18.2,1.0,76.4,0.1999999999999993,0.0,0.19999999999999996,3.5999999999999996,7.9999999999999964,2.400000000000002,-0.02198531001162579,8.0,73.39999999999998,0.012475266379358363,5.200000000000003,-5.400000000000006,-4.199999999999999,4.0,0.0,29.800000000000004,win
126466,광주FC,제주SK FC,True,10.2,0.0,0.0,9.6,29.4,15.0,0.19943977591036416,73.8,438.2,0.8633599621461976,69.8,68.6,35.0,24.6,1.0,60.8,15.2,0.0,2.2,8.8,26.0,12.6,0.2052941176470588,66.8,434.6,0.8473359968185348,81.8,73.4,36.2,24.0,1.0,65.0,-4.0,0.0,-1.6,8.8,2.8000000000000007,-1.5999999999999996,-0.017971644798270153,21.400000000000006,26.799999999999955,0.04880030280668701,-3.3999999999999915,-6.200000000000003,-4.400000000000002,-1.8000000000000007,0.0,-14.400000000000006,loss
126467,인천 유나이티드,울산 HD FC,True,12.4,0.0,1.6,7.0,25.0,12.6,0.24100840336134452,76.8,405.8,0.8435972671689015,61.6,66.6,32.2,24.2,1.0,79.8,12.2,0.0,1.2,11.6,22.2,13.8,0.24632034632034627,70.8,387.0,0.8463595292814008,70.0,73.6,30.0,20.0,1.0,69.2,1.200000000000001,0.0,-0.3999999999999999,-2.5999999999999996,9.400000000000002,7.0,-0.0603833715304303,2.6000000000000085,136.20000000000005,0.021847373981715212,14.200000000000003,10.400000000000006,-0.1999999999999993,2.0,0.0,3.200000000000003,draw
126468,대전 하나 시티즌,전북 현대 모터스,True,11.8,0.0,1.6,12.6,27.8,16.0,0.2609541874247757,70.8,454.0,0.8578287925438891,62.4,71.6,34.8,23.8,1.0,62.4,7.4,0.0,0.2,19.4,30.0,18.6,0.09809090909090909,80.0,447.8,0.8660432139107275,82.0,68.2,33.0,19.8,1.0,62.8,3.5999999999999996,0.0,1.6,-11.599999999999998,-10.2,-10.8,0.15905194805194808,-26.6,-114.80000000000001,-0.04339168275166927,-22.200000000000003,1.2000000000000028,7.399999999999999,7.399999999999999,-0.007692307692307665,4.799999999999997,draw
126469,포항 스틸러스,인천 유나이티드,True,12.2,0.0,0.6,7.8,27.6,19.2,0.1950873015873016,69.4,470.6,0.8472964752589978,77.0,86.0,30.0,21.8,1.0,68.0,11.0,0.0,1.2,7.6,19.4,13.2,0.18106060606060606,67.8,410.8,0.8324227685130406,69.2,81.2,41.8,27.2,1.0,69.4,-2.1999999999999993,0.0,0.19999999999999996,7.800000000000001,10.200000000000003,1.0,0.007117604617604606,6.0,6.199999999999989,0.016223997687217162,9.399999999999991,-15.799999999999997,-12.799999999999997,-2.599999999999998,0.0,20.60000000000001,win
126470,대전 하나 시티즌,울산 HD FC,True,12.6,0.0,1.6,5.8,24.8,15.0,0.19934173669467786,73.4,442.6,0.8506856727281576,68.6,70.8,30.2,22.6,1.0,79.0,10.8,0.0,1.2,10.6,22.6,11.2,0.26349206349206344,73.6,375.6,0.840722547966186,66.6,71.2,29.8,21.6,1.0,67.4,-0.40000000000000036,0.0,0.40000000000000013,-2.1999999999999993,-1.8000000000000007,-1.3999999999999986,-0.03996265172735755,-14.599999999999994,-22.0,-0.010900896212349576,-8.199999999999996,-2.200000000000003,6.599999999999998,5.0,-0.007692307692307665,-6.599999999999994,loss
126471,강원FC,대구FC,True,10.6,0.0,2.2,9.2,20.2,10.4,0.21456876456876456,62.2,325.4,0.8245737005513508,67.4,69.2,42.2,21.0,1.0,58.8,16.8,0.0,0.8,9.0,25.4,19.2,0.22741596638655462,69.0,490.2,0.8706223311844589,65.4,80.4,27.0,23.8,1.0,64.0,-6.800000000000001,0.0,0.19999999999999996,2.4000000000000004,1.4000000000000021,-4.199999999999999,0.01846016184251481,4.799999999999997,-36.0,-0.012438392262959175,6.599999999999994,-6.800000000000011,1.3999999999999986,-2.1999999999999993,0.0,-9.400000000000006,draw
126472,전북 현대 모터스,제주SK FC,True,12.0,0.0,0.4,9.0,25.8,16.2,0.2308683473389356,63.4,411.6,0.8450194753968605,64.4,77.4,36.0,26.0,0.9885714285714287,58.6,14.2,0.0,2.0,8.6,24.2,12.0,0.19857142857142857,70.6,415.8,0.8433719557608035,81.4,74.8,39.0,23.8,1.0,69.6,-3.3999999999999986,0.0,-0.3999999999999999,3.4000000000000004,0.40000000000000213,1.1999999999999993,0.0635223599929482,-7.999999999999993,-2.0,-0.01340594233158221,-16.200000000000003,2.200000000000003,-2.3999999999999986,1.0,0.0,10.199999999999996,win
126473,김천 상무 프로축구단,광주FC,True,11.0,0.0,0.4,12.4,27.8,12.2,0.1908939014202172,90.0,464.0,0.8850057634946857,79.6,72.0,32.8,23.0,1.0,85.6,11.8,0.0,1.8,8.4,18.4,11.4,0.30333333333333334,48.4,314.2,0.8003943761998666,68.4,70.8,35.2,32.4,0.9885714285714287,55.0,5.599999999999998,0.0,-0.19999999999999996,0.0,2.200000000000003,9.4,-0.07300815978565339,10.600000000000001,88.60000000000002,0.039812158505691086,-10.800000000000004,10.799999999999997,0.0,-2.0,0.011428571428571344,-9.599999999999994,win
126474,FC서울,수원FC,True,12.2,0.0,2.2,11.2,28.4,14.6,0.2785079365079365,87.4,431.8,0.8457989712585201,83.2,71.0,30.6,17.0,1.0,69.6,10.8,0.0,2.2,9.6,26.4,15.2,0.20034384768400115,69.0,464.2,0.8740399308317711,62.0,62.6,35.6,25.2,1.0,71.0,1.5999999999999996,0.0,-1.0000000000000002,0.5999999999999996,-5.0,-2.5999999999999996,-0.04778973512988857,-3.4000000000000057,-56.599999999999966,-0.032052938047526625,8.400000000000006,15.999999999999993,3.1999999999999957,-5.199999999999999,0.0,-1.7999999999999972,win
126475,울산 HD FC,김천 상무 프로축구단,True,15.6,0.0,2.0,9.4,23.4,17.8,0.20285264607515247,65.2,397.6,0.8306267739349428,60.8,83.0,37.4,33.2,1.0,58.4,10.8,0.0,0.6,10.4,27.0,12.8,0.2479761904761905,68.8,446.8,0.8464350304372598,69.4,79.4,38.2,20.8,1.0,66.6,1.799999999999999,0.0,0.7999999999999999,-4.0,-4.600000000000001,2.0,0.007426152279093462,-4.0,-35.0,-0.01236124267209604,-0.8000000000000114,-5.6000000000000085,-3.8000000000000043,2.1999999999999993,0.0,2.1999999999999886,win
126476,광주FC,FC서울,True,12.8,0.0,1.2,12.2,23.4,13.6,0.1592207792207792,69.4,408.8,0.8399743786933822,69.0,81.4,40.2,21.8,1.0,71.8,8.2,0.0,0.8,13.2,26.2,14.6,0.3082621082621083,71.8,419.8,0.8247881819567405,72.6,84.4,31.2,24.8,0.9923076923076923,65.2,1.8000000000000007,0.0,-0.4,-2.3999999999999986,4.199999999999999,-4.199999999999999,-0.0784208384208385,17.799999999999997,42.80000000000001,0.04880219692256049,8.0,-6.800000000000011,6.599999999999998,0.8000000000000007,0.007692307692307665,-14.799999999999997,win
126477,대구FC,전북 현대 모터스,True,10.6,0.0,1.6,13.2,25.0,14.0,0.23709378856437677,64.4,438.4,0.8355967758316261,68.8,78.2,36.6,25.2,1.0,57.8,7.0,0.0,0.0,13.6,29.6,17.6,0.16252941176470587,77.0,428.0,0.8422681400675337,78.0,70.0,32.6,19.4,1.0,70.2,3.5999999999999996,0.0,1.8,-1.799999999999999,-11.400000000000002,-7.000000000000002,0.0661419169066228,-21.6,-101.0,-0.02602012852052582,-12.799999999999997,1.4000000000000057,9.399999999999999,2.8000000000000007,0.0,22.800000000000004,win
126478,인천 유나이티드,강원FC,True,8.6,0.0,0.4,11.2,29.8,16.2,0.1601618425147837,81.8,484.6,0.8655304104454367,72.0,75.8,27.2,19.4,1.0,72.6,9.2,0.0,1.6,11.6,21.4,11.6,0.25284715284715287,64.0,349.4,0.8123334134033039,74.6,74.2,38.2,25.0,1.0,69.8,1.200000000000001,0.0,-1.2000000000000002,-5.0,2.200000000000003,5.200000000000001,-0.06637523587523589,-2.200000000000003,80.20000000000005,0.024382062384465497,-3.5999999999999943,12.399999999999991,-6.800000000000004,-1.8000000000000007,0.0,4.3999999999999915,loss
126479,제주SK FC,대전 하나 시티즌,True,10.8,0.0,1.2,11.0,24.0,11.2,0.2949579831932773,62.8,367.2,0.8153898094812055,60.6,75.0,33.4,26.8,0.9923076923076923,71.4,13.2,0.0,0.8,12.4,28.4,12.6,0.27783824019118136,71.6,403.8,0.8390139078418304,61.2,80.8,35.6,21.8,1.0,52.2,-3.1999999999999993,0.0,-0.4,-2.0,-4.0,2.200000000000001,0.0013634404810875522,-10.999999999999993,-8.199999999999989,0.0003657891961250659,5.3999999999999915,-8.599999999999994,0.19999999999999574,5.0,-0.011428571428571344,2.200000000000003,win
126480,포항 스틸러스,수원FC,True,9.6,0.0,1.8,11.8,29.0,14.8,0.21422222222222223,86.2,441.0,0.8382127188672015,86.0,74.0,31.6,18.0,1.0,70.0,11.4,0.0,2.2,9.8,23.6,15.8,0.2103438476840011,64.6,433.6,0.8570128717614651,61.4,68.4,38.0,26.4,1.0,67.2,-0.8000000000000007,0.0,-0.8000000000000003,3.1999999999999993,4.599999999999998,-2.8000000000000007,-0.0062565460966994835,12.600000000000009,-31.600000000000023,-0.01086834982417395,15.600000000000001,-0.8000000000000114,-7.199999999999999,-2.3999999999999986,0.0,13.400000000000006,draw
