game_id,team,opponent,is_home,goals_for,goals_against,result,shots,shots_on_target,goals,box_entries,final_third_entries,crosses_attempted,crosses_success_rate,progressive_passes_success,passes_attempted,pass_success_rate,long_pass_attempted,recoveries,interceptions,tackles,duels_success_rate,defensive_third_turnovers
126283,울산 HD FC,포항 스틸러스,True,1,0,win,11,0,1,11,42,17,0.29411764705882354,94,578,0.8667820069204152,81,82,37,17,1.0,48
126284,전북 현대 모터스,대전 하나 시티즌,True,1,1,draw,16,0,1,19,45,33,0.24242424242424243,113,522,0.8773946360153256,105,100,51,33,1.0,62
126285,광주FC,FC서울,True,2,0,win,15,0,2,11,23,17,0.29411764705882354,72,359,0.883008356545961,61,69,53,26,1.0,87
126286,인천 유나이티드,수원FC,True,0,1,loss,8,0,0,17,41,32,0.15625,98,560,0.8785714285714286,74,83,55,13,1.0,40
126287,강원FC,제주SK FC,True,1,1,draw,17,0,1,9,28,15,0.13333333333333333,80,406,0.8300492610837439,79,84,49,22,1.0,88
126288,대구FC,김천 상무 프로축구단,True,0,1,loss,16,0,0,16,33,29,0.27586206896551724,80,356,0.7865168539325843,74,102,35,25,1.0,63
126289,수원FC,전북 현대 모터스,True,1,1,draw,23,0,1,30,59,37,0.1891891891891892,146,621,0.9307568438003221,82,103,33,19,1.0,51
126290,포항 스틸러스,대구FC,True,3,1,win,9,0,3,8,29,14,0.07142857142857142,91,565,0.8867256637168142,79,83,46,29,1.0,90
126291,김천 상무 프로축구단,울산 HD FC,True,2,3,loss,8,0,1,17,45,23,0.13043478260869565,117,578,0.8996539792387543,97,78,21,13,1.0,62
126292,제주SK FC,대전 하나 시티즌,True,3,1,win,6,0,1,7,16,13,0.15384615384615385,68,368,0.7907608695652174,70,69,53,18,1.0,55
126294,FC서울,인천 유나이티드,True,0,0,draw,4,0,0,10,39,17,0.058823529411764705,122,643,0.9097978227060654,85,65,47,22,1.0,97
126293,광주FC,강원FC,True,4,2,win,11,0,3,7,21,15,0.2,82,449,0.8596881959910914,67,78,34,13,1.0,114
126295,대전 하나 시티즌,강원FC,True,1,1,draw,7,0,1,10,29,15,0.13333333333333333,77,411,0.8345498783454988,88,70,42,22,1.0,72
126296,대구FC,수원FC,True,1,1,draw,12,0,1,7,19,16,0.125,65,312,0.842948717948718,59,67,44,50,1.0,69
126297,FC서울,제주SK FC,True,2,0,win,5,0,1,10,27,14,0.0,81,416,0.8317307692307693,75,104,44,26,1.0,76
126299,김천 상무 프로축구단,전북 현대 모터스,True,1,0,win,5,0,1,4,19,7,0.14285714285714285,66,413,0.8305084745762712,65,80,61,32,1.0,81
126298,포항 스틸러스,광주FC,True,1,0,win,9,0,1,7,30,15,0.2,83,458,0.8602620087336245,100,74,27,20,1.0,106
126300,울산 HD FC,인천 유나이티드,True,3,3,draw,17,0,3,13,44,24,0.16666666666666666,117,605,0.8793388429752066,108,80,32,22,1.0,92
126302,인천 유나이티드,대전 하나 시티즌,True,2,0,win,7,0,2,9,25,21,0.19047619047619047,70,396,0.8131313131313131,64,94,53,16,1.0,55
126301,전북 현대 모터스,울산 HD FC,True,2,2,draw,11,0,2,6,31,17,0.29411764705882354,88,445,0.8539325842696629,73,88,25,14,1.0,73
126303,제주SK FC,포항 스틸러스,True,0,2,loss,12,0,0,5,17,6,0.3333333333333333,61,355,0.828169014084507,64,64,62,33,1.0,69
126304,수원FC,김천 상무 프로축구단,True,1,4,loss,13,0,1,12,39,21,0.38095238095238093,108,562,0.8879003558718861,109,72,26,14,1.0,62
126305,강원FC,FC서울,True,1,1,draw,16,0,1,10,33,15,0.06666666666666667,90,536,0.8824626865671642,89,68,26,24,1.0,100
126306,광주FC,대구FC,True,1,2,loss,9,0,0,21,61,17,0.17647058823529413,134,587,0.899488926746167,69,85,32,27,1.0,55
126308,대전 하나 시티즌,울산 HD FC,True,2,0,win,5,0,2,5,15,11,0.09090909090909091,53,275,0.7890909090909091,50,76,46,18,1.0,58
126307,포항 스틸러스,수원FC,True,1,1,draw,13,0,1,8,58,29,0.06896551724137931,131,535,0.9233644859813084,79,70,21,10,1.0,45
126312,강원FC,대구FC,True,3,0,win,10,0,2,7,31,13,0.15384615384615385,99,456,0.8837719298245614,97,69,40,25,1.0,97
126309,광주FC,인천 유나이티드,True,2,3,loss,14,0,2,22,92,38,0.2631578947368421,157,705,0.9078014184397163,123,115,15,17,1.0,67
126311,제주SK FC,전북 현대 모터스,True,2,0,win,15,0,2,14,16,13,0.07692307692307693,51,299,0.745819397993311,62,104,52,23,1.0,67
126310,FC서울,김천 상무 프로축구단,True,5,1,win,13,0,5,6,18,12,0.3333333333333333,78,371,0.8247978436657682,86,85,44,31,1.0,76
126313,울산 HD FC,수원FC,True,3,0,win,10,0,3,21,49,22,0.09090909090909091,137,771,0.9156939040207522,56,80,26,20,1.0,81
126314,인천 유나이티드,제주SK FC,True,0,1,loss,13,0,0,12,29,25,0.12,76,455,0.7692307692307693,88,130,48,21,1.0,79
126315,김천 상무 프로축구단,광주FC,True,2,1,win,9,0,1,12,37,19,0.2631578947368421,100,519,0.8631984585741811,88,83,30,29,1.0,76
126317,대구FC,FC서울,True,0,0,draw,3,0,0,6,11,9,0.2222222222222222,38,200,0.75,38,56,46,35,1.0,62
126316,전북 현대 모터스,강원FC,True,2,3,loss,8,0,1,18,36,23,0.17391304347826086,93,465,0.8731182795698925,63,70,25,19,1.0,63
126318,대전 하나 시티즌,포항 스틸러스,True,1,2,loss,2,0,1,7,22,3,0.3333333333333333,63,411,0.8199513381995134,76,73,44,20,1.0,65
126320,FC서울,포항 스틸러스,True,2,4,loss,17,0,2,9,35,21,0.19047619047619047,108,585,0.905982905982906,101,65,34,29,1.0,82
126319,전북 현대 모터스,광주FC,True,2,1,win,10,0,2,8,24,14,0.21428571428571427,76,402,0.8631840796019901,74,64,43,28,1.0,80
126321,울산 HD FC,강원FC,True,4,0,win,13,0,4,9,23,21,0.23809523809523808,94,529,0.9168241965973535,78,66,26,16,1.0,88
126322,제주SK FC,김천 상무 프로축구단,True,0,2,loss,6,0,0,14,30,21,0.047619047619047616,85,399,0.7919799498746867,78,114,28,33,1.0,54
126323,수원FC,대전 하나 시티즌,True,1,0,win,6,0,1,5,20,15,0.06666666666666667,73,329,0.8237082066869301,65,72,31,21,1.0,58
126324,인천 유나이티드,대구FC,True,1,1,draw,10,0,1,2,34,10,0.3,73,541,0.8798521256931608,67,75,49,25,1.0,54
126326,수원FC,제주SK FC,True,2,1,win,15,0,1,14,40,26,0.11538461538461539,144,586,0.8532423208191127,92,103,43,34,1.0,101
126327,포항 스틸러스,김천 상무 프로축구단,True,0,0,draw,12,0,0,13,36,34,0.14705882352941177,92,468,0.8504273504273504,103,97,38,19,1.0,98
126328,FC서울,전북 현대 모터스,True,2,3,loss,10,0,2,4,26,19,0.21052631578947367,85,472,0.8389830508474576,93,84,34,11,1.0,96
126329,강원FC,인천 유나이티드,True,4,1,win,13,0,4,4,14,8,0.5,57,347,0.8155619596541787,72,59,40,27,1.0,108
126330,대구FC,대전 하나 시티즌,True,0,0,draw,7,0,0,10,27,10,0.3,73,431,0.8213457076566125,64,84,27,19,1.0,68
126331,대전 하나 시티즌,FC서울,True,3,1,win,6,0,2,6,24,9,0.2222222222222222,73,327,0.8195718654434251,64,76,36,28,1.0,53
126333,김천 상무 프로축구단,강원FC,True,1,0,win,13,0,1,11,34,16,0.125,117,608,0.8865131578947368,93,76,31,38,1.0,89
126332,광주FC,수원FC,True,1,2,loss,12,0,1,20,49,25,0.0,137,613,0.933115823817292,92,76,23,14,1.0,79
126334,포항 스틸러스,인천 유나이티드,True,0,0,draw,10,0,0,6,24,3,0.0,94,504,0.8829365079365079,90,69,26,25,1.0,100
126335,전북 현대 모터스,대구FC,True,2,2,draw,10,0,2,9,21,6,0.16666666666666666,77,360,0.8388888888888889,65,72,32,17,1.0,71
126336,울산 HD FC,제주SK FC,True,3,1,win,19,0,3,12,20,13,0.3076923076923077,89,496,0.8326612903225806,88,92,38,31,1.0,118
126337,대전 하나 시티즌,김천 상무 프로축구단,True,0,0,draw,9,0,0,12,31,16,0.0625,86,398,0.8015075376884422,82,75,41,28,1.0,80
126338,수원FC,FC서울,True,0,2,loss,8,0,0,8,44,16,0.4375,111,664,0.8810240963855421,130,82,29,15,1.0,117
126342,강원FC,포항 스틸러스,True,2,4,loss,19,0,2,15,46,35,0.14285714285714285,109,474,0.8544303797468354,98,97,29,23,1.0,59
126341,제주SK FC,광주FC,True,1,3,loss,13,0,1,18,33,29,0.1724137931034483,90,393,0.816793893129771,72,106,42,27,1.0,51
126340,인천 유나이티드,전북 현대 모터스,True,3,0,win,9,0,3,11,19,12,0.08333333333333333,68,369,0.7994579945799458,64,89,32,22,1.0,82
126339,대구FC,울산 HD FC,True,1,2,loss,14,0,1,10,26,20,0.1,82,422,0.8507109004739336,60,91,48,24,1.0,84
126343,FC서울,울산 HD FC,True,0,1,loss,9,0,0,13,23,16,0.0625,73,317,0.8580441640378549,55,66,34,16,1.0,35
126344,포항 스틸러스,전북 현대 모터스,True,1,0,win,24,0,1,14,29,18,0.16666666666666666,96,435,0.8413793103448276,65,68,48,29,1.0,89
126345,수원FC,강원FC,True,1,2,loss,13,0,1,13,47,23,0.17391304347826086,123,511,0.8747553816046967,89,81,26,21,1.0,88
126346,김천 상무 프로축구단,인천 유나이티드,True,2,2,draw,13,0,2,11,23,15,0.2,85,431,0.839907192575406,75,73,51,27,1.0,70
126347,제주SK FC,대구FC,True,1,0,win,15,0,1,14,33,15,0.4666666666666667,80,362,0.7928176795580111,50,100,35,21,1.0,46
126348,광주FC,대전 하나 시티즌,True,2,1,win,11,0,2,6,46,18,0.2222222222222222,115,477,0.8909853249475891,109,74,42,15,1.0,79
126349,인천 유나이티드,FC서울,True,1,2,loss,11,0,1,4,28,9,0.2222222222222222,71,447,0.8210290827740492,75,83,43,17,1.0,93
126350,대구FC,광주FC,True,3,2,win,9,0,2,5,13,9,0.3333333333333333,71,344,0.8255813953488372,53,65,39,29,1.0,73
126351,강원FC,대전 하나 시티즌,True,3,3,draw,13,0,3,15,31,20,0.15,88,431,0.8283062645011601,90,96,42,19,1.0,79
126352,전북 현대 모터스,수원FC,True,2,3,loss,13,0,1,14,33,20,0.25,77,399,0.8571428571428571,55,89,36,20,1.0,65
126354,포항 스틸러스,제주SK FC,True,1,1,draw,12,0,1,8,18,7,0.2857142857142857,80,381,0.800524934383202,87,79,39,42,1.0,122
126353,울산 HD FC,김천 상무 프로축구단,True,2,2,draw,11,0,2,4,22,14,0.14285714285714285,60,378,0.8386243386243386,77,65,31,20,1.0,82
126325,광주FC,울산 HD FC,True,2,1,win,9,0,2,25,48,16,0.3125,130,467,0.8993576017130621,75,79,43,15,1.0,71
126355,대전 하나 시티즌,인천 유나이티드,True,0,1,loss,13,0,0,15,42,12,0.25,100,504,0.8472222222222222,88,82,32,38,1.0,71
126357,김천 상무 프로축구단,제주SK FC,True,1,0,win,14,0,1,14,44,12,0.08333333333333333,110,482,0.8651452282157677,79,84,47,29,1.0,82
126358,FC서울,대구FC,True,1,2,loss,9,0,1,12,54,23,0.30434782608695654,139,675,0.8933333333333333,99,80,27,14,1.0,70
126359,강원FC,울산 HD FC,True,1,0,win,7,0,1,2,17,10,0.1,68,307,0.8566775244299675,67,67,48,20,1.0,89
126356,광주FC,전북 현대 모터스,True,0,3,loss,22,0,0,21,60,27,0.2962962962962963,123,520,0.8942307692307693,76,91,17,9,1.0,65
126360,수원FC,포항 스틸러스,True,1,0,win,10,0,1,4,19,7,0.42857142857142855,66,329,0.8723404255319149,55,65,61,24,1.0,60
126361,전북 현대 모터스,김천 상무 프로축구단,True,0,0,draw,8,0,0,8,27,14,0.07142857142857142,96,455,0.8769230769230769,78,62,31,20,1.0,116
126362,울산 HD FC,대전 하나 시티즌,True,4,1,win,29,0,4,29,55,34,0.20588235294117646,134,663,0.9079939668174962,89,102,32,29,1.0,81
126364,인천 유나이티드,광주FC,True,1,1,draw,10,0,0,7,30,15,0.2,98,485,0.8597938144329897,71,71,27,12,1.0,89
126363,포항 스틸러스,FC서울,True,2,2,draw,4,0,0,9,22,10,0.0,62,346,0.8526011560693642,77,56,32,29,1.0,76
126365,대구FC,강원FC,True,1,2,loss,5,0,1,6,28,20,0.15,104,587,0.9045996592844975,89,78,27,29,1.0,72
126366,제주SK FC,수원FC,True,1,0,win,13,0,1,12,33,10,0.2,89,403,0.8213399503722084,63,92,38,29,1.0,72
126368,김천 상무 프로축구단,FC서울,True,0,0,draw,10,0,0,17,37,10,0.4,91,439,0.8678815489749431,71,64,34,21,1.0,80
126367,광주FC,포항 스틸러스,True,0,1,loss,16,0,0,21,48,23,0.34782608695652173,127,563,0.8969804618117229,81,80,22,15,1.0,87
126369,인천 유나이티드,울산 HD FC,True,1,1,draw,14,0,0,8,21,10,0.4,73,433,0.8337182448036952,67,76,34,13,1.0,69
126372,강원FC,전북 현대 모터스,True,2,1,win,13,0,2,7,19,18,0.16666666666666666,72,429,0.8881118881118881,84,70,31,11,1.0,89
126370,대전 하나 시티즌,제주SK FC,True,0,1,loss,17,0,0,16,40,29,0.1724137931034483,111,560,0.8696428571428572,114,96,33,44,1.0,67
126371,수원FC,대구FC,True,2,0,win,16,0,2,7,37,8,0.375,97,485,0.843298969072165,75,84,32,29,0.9629629629629629,80
126373,울산 HD FC,전북 현대 모터스,True,1,0,win,11,0,1,2,47,20,0.1,111,539,0.8923933209647495,75,72,40,21,1.0,68
126375,김천 상무 프로축구단,포항 스틸러스,True,3,1,win,15,0,2,11,28,12,0.25,70,388,0.8582474226804123,71,69,28,13,1.0,63
126374,수원FC,인천 유나이티드,True,3,1,win,9,0,3,7,27,4,0.25,85,460,0.8695652173913043,79,67,39,14,1.0,82
126376,대전 하나 시티즌,대구FC,True,1,0,win,9,0,1,7,15,6,0.0,59,280,0.8071428571428572,58,67,30,27,1.0,68
126377,제주SK FC,강원FC,True,1,2,loss,10,0,1,9,34,13,0.23076923076923078,106,554,0.8700361010830325,79,68,31,29,1.0,77
126378,FC서울,광주FC,True,1,2,loss,13,0,1,12,42,28,0.14285714285714285,109,490,0.9122448979591836,82,64,18,16,1.0,78
126379,포항 스틸러스,대전 하나 시티즌,True,1,1,draw,18,0,1,10,35,23,0.30434782608695654,108,587,0.909710391822828,70,78,27,24,1.0,64
126380,광주FC,김천 상무 프로축구단,True,2,0,win,14,0,2,17,42,20,0.3,107,476,0.907563025210084,90,62,31,14,1.0,85
126381,강원FC,수원FC,True,3,1,win,19,0,3,5,19,7,0.2857142857142857,59,315,0.834920634920635,60,65,33,26,1.0,75
126383,전북 현대 모터스,인천 유나이티드,True,2,2,draw,18,0,2,23,40,18,0.3888888888888889,114,574,0.9146341463414634,101,60,43,40,1.0,66
126382,울산 HD FC,FC서울,True,2,2,draw,13,0,1,20,32,19,0.21052631578947367,101,460,0.8630434782608696,72,82,28,23,1.0,81
126384,대구FC,제주SK FC,True,1,0,win,16,0,1,8,30,16,0.125,100,429,0.8414918414918415,66,91,39,42,1.0,73
126385,대구FC,전북 현대 모터스,True,3,0,win,16,0,2,10,19,5,0.4,63,340,0.8088235294117647,63,73,37,28,1.0,75
126387,강원FC,김천 상무 프로축구단,True,2,3,loss,6,0,2,17,37,17,0.23529411764705882,103,520,0.8807692307692307,86,62,36,23,1.0,98
126386,대전 하나 시티즌,광주FC,True,2,1,win,10,0,2,7,26,19,0.21052631578947367,88,503,0.8906560636182903,88,54,28,25,1.0,105
126388,FC서울,수원FC,True,3,0,win,11,0,3,11,44,14,0.07142857142857142,108,522,0.8908045977011494,67,75,30,34,1.0,71
126390,제주SK FC,울산 HD FC,True,2,3,loss,12,0,1,12,36,16,0.3125,101,367,0.8474114441416893,68,74,23,24,1.0,73
126389,인천 유나이티드,포항 스틸러스,True,1,3,loss,4,0,1,2,31,7,0.0,88,521,0.8790786948176583,66,55,30,28,1.0,84
126392,김천 상무 프로축구단,대전 하나 시티즌,True,2,0,win,11,0,2,21,36,27,0.2222222222222222,96,503,0.882703777335984,75,85,26,23,1.0,72
126391,수원FC,광주FC,True,1,0,win,6,0,1,8,19,11,0.2727272727272727,68,336,0.8541666666666666,75,73,30,20,1.0,74
126393,울산 HD FC,대구FC,True,1,0,win,9,0,1,7,26,11,0.2727272727272727,69,329,0.8267477203647416,63,58,39,33,1.0,48
126396,제주SK FC,인천 유나이티드,True,1,0,win,12,0,1,5,31,16,0.375,103,540,0.8870370370370371,75,77,23,18,1.0,44
126395,FC서울,강원FC,True,2,0,win,9,0,1,12,30,10,0.4,115,649,0.9029275808936826,92,60,21,24,1.0,133
126394,전북 현대 모터스,포항 스틸러스,True,1,1,draw,14,0,1,10,23,14,0.21428571428571427,67,430,0.8790697674418605,57,60,26,18,1.0,68
126397,김천 상무 프로축구단,대구FC,True,2,0,win,21,0,2,16,22,18,0.2222222222222222,67,351,0.811965811965812,53,96,51,37,1.0,75
126398,전북 현대 모터스,FC서울,True,1,5,loss,11,0,1,10,25,8,0.25,65,424,0.8514150943396226,59,67,25,29,1.0,82
126399,대전 하나 시티즌,수원FC,True,0,2,loss,8,0,0,11,47,17,0.11764705882352941,101,593,0.9021922428330523,79,66,28,27,1.0,72
126400,포항 스틸러스,울산 HD FC,True,2,1,win,9,0,1,11,25,16,0.125,97,496,0.905241935483871,88,49,27,15,1.0,102
126402,인천 유나이티드,강원FC,True,0,1,loss,7,0,0,6,22,17,0.17647058823529413,67,347,0.8703170028818443,63,58,27,10,1.0,58
126401,광주FC,제주SK FC,True,2,1,win,15,0,2,12,53,27,0.07407407407407407,120,516,0.9282945736434108,89,69,25,17,1.0,56
126403,인천 유나이티드,김천 상무 프로축구단,True,1,1,draw,12,0,1,8,33,13,0.23076923076923078,97,450,0.8444444444444444,68,73,32,27,1.0,112
126404,수원FC,울산 HD FC,True,1,1,draw,9,0,1,6,24,11,0.2727272727272727,69,374,0.8556149732620321,73,65,39,25,1.0,84
126405,제주SK FC,FC서울,True,3,2,win,18,0,3,11,11,12,0.16666666666666666,40,266,0.8082706766917294,46,66,30,29,1.0,55
126406,대구FC,포항 스틸러스,True,3,3,draw,20,0,3,18,33,25,0.24,90,396,0.898989898989899,80,75,24,41,1.0,60
126408,강원FC,광주FC,True,2,0,win,7,0,1,10,29,10,0.1,83,502,0.8844621513944223,108,58,36,26,1.0,117
126407,대전 하나 시티즌,전북 현대 모터스,True,2,2,draw,6,0,1,4,42,19,0.15789473684210525,104,561,0.9090909090909091,77,66,22,18,1.0,61
126410,김천 상무 프로축구단,수원FC,True,2,3,loss,13,0,1,23,48,37,0.10810810810810811,130,568,0.8961267605633803,69,87,28,18,1.0,64
126409,대구FC,인천 유나이티드,True,0,0,draw,12,0,0,7,35,23,0.13043478260869565,96,395,0.810126582278481,67,98,37,30,1.0,37
126412,포항 스틸러스,강원FC,True,2,0,win,4,0,2,2,24,8,0.125,85,532,0.9097744360902256,78,55,35,37,1.0,102
126414,FC서울,대전 하나 시티즌,True,2,1,win,17,0,2,15,47,15,0.13333333333333333,100,606,0.8927392739273927,77,87,21,18,1.0,48
126413,전북 현대 모터스,제주SK FC,True,2,1,win,7,0,2,5,29,13,0.23076923076923078,85,408,0.8553921568627451,67,69,38,34,1.0,68
126411,울산 HD FC,광주FC,True,0,1,loss,12,0,0,26,54,26,0.19230769230769232,136,585,0.9008547008547009,106,69,26,27,1.0,62
126415,울산 HD FC,FC서울,True,1,0,win,5,0,1,12,27,10,0.1,88,495,0.8686868686868687,81,71,34,19,1.0,94
126416,대전 하나 시티즌,강원FC,True,1,1,draw,4,0,1,6,17,5,0.2,98,510,0.8725490196078431,106,60,39,24,1.0,130
126417,제주SK FC,포항 스틸러스,True,2,1,win,19,0,1,8,18,15,0.3333333333333333,83,450,0.8644444444444445,78,70,26,13,1.0,74
126419,수원FC,대구FC,True,2,2,draw,16,0,2,10,56,20,0.15,137,686,0.9139941690962099,100,78,26,27,1.0,76
126420,김천 상무 프로축구단,전북 현대 모터스,True,4,0,win,27,0,3,30,48,35,0.22857142857142856,130,630,0.9301587301587302,66,81,25,16,1.0,56
126418,광주FC,인천 유나이티드,True,0,2,loss,12,0,0,13,55,17,0.058823529411764705,111,521,0.9174664107485605,93,66,23,15,1.0,69
126421,전북 현대 모터스,울산 HD FC,True,2,0,win,10,0,2,13,38,20,0.25,100,425,0.8964705882352941,67,60,28,13,1.0,47
126422,강원FC,제주SK FC,True,4,0,win,19,0,3,10,30,12,0.5,107,544,0.9007352941176471,85,60,32,25,1.0,96
126426,대전 하나 시티즌,포항 스틸러스,True,1,2,loss,8,0,1,9,47,15,0.13333333333333333,96,531,0.896421845574388,64,62,35,26,1.0,59
126424,대구FC,광주FC,True,0,1,loss,15,0,0,8,33,31,0.1935483870967742,97,443,0.8848758465011287,75,72,24,33,1.0,60
126423,인천 유나이티드,수원FC,True,1,4,loss,6,0,1,6,40,18,0.1111111111111111,107,598,0.8963210702341137,94,67,19,13,1.0,73
126425,FC서울,김천 상무 프로축구단,True,1,0,win,13,0,1,10,22,9,0.3333333333333333,82,356,0.8735955056179775,61,61,21,17,1.0,86
126428,강원FC,전북 현대 모터스,True,4,2,win,19,0,4,7,24,4,0.0,74,442,0.8914027149321267,77,51,35,22,1.0,112
126427,제주SK FC,울산 HD FC,True,1,0,win,14,0,1,6,19,15,0.06666666666666667,61,349,0.8710601719197708,58,65,43,19,1.0,73
126429,광주FC,수원FC,True,1,0,win,8,0,1,7,19,6,0.3333333333333333,80,342,0.8567251461988304,61,57,36,13,1.0,90
126431,인천 유나이티드,FC서울,True,0,1,loss,9,0,0,9,34,20,0.25,92,430,0.8534883720930233,71,75,24,17,1.0,54
126430,대구FC,대전 하나 시티즌,True,1,1,draw,19,0,1,7,29,17,0.23529411764705882,77,380,0.9184210526315789,56,58,29,19,1.0,35
126432,포항 스틸러스,김천 상무 프로축구단,True,1,2,loss,8,0,0,16,44,21,0.19047619047619047,111,545,0.8788990825688073,90,64,31,26,1.0,99
126434,김천 상무 프로축구단,강원FC,True,1,2,loss,10,0,0,12,38,21,0.14285714285714285,89,315,0.8666666666666667,71,70,24,18,1.0,48
126433,전북 현대 모터스,광주FC,True,0,1,loss,14,0,0,20,32,27,0.14814814814814814,85,535,0.9177570093457944,44,62,24,22,1.0,66
126435,울산 HD FC,대구FC,True,1,0,win,13,0,0,12,29,12,0.25,100,473,0.8625792811839323,63,80,35,31,1.0,72
126436,제주SK FC,인천 유나이티드,True,0,1,loss,5,0,0,9,32,14,0.14285714285714285,90,482,0.8796680497925311,95,60,41,31,1.0,68
126437,수원FC,대전 하나 시티즌,True,1,2,loss,20,0,0,18,50,41,0.21951219512195122,102,497,0.8732394366197183,85,99,37,20,1.0,61
126438,포항 스틸러스,FC서울,True,1,2,loss,16,0,1,10,44,26,0.3076923076923077,114,496,0.8649193548387096,77,75,35,22,1.0,55
126439,대구FC,김천 상무 프로축구단,True,3,0,win,9,0,3,11,29,12,0.08333333333333333,84,347,0.8472622478386167,81,65,39,27,1.0,92
126440,FC서울,제주SK FC,True,1,0,win,11,0,1,3,17,10,0.1,64,392,0.8341836734693877,72,77,34,19,1.0,90
126441,전북 현대 모터스,포항 스틸러스,True,2,1,win,14,0,2,10,34,12,0.25,85,388,0.8505154639175257,66,73,33,18,1.0,62
126442,대전 하나 시티즌,인천 유나이티드,True,2,1,win,8,0,2,2,13,7,0.0,64,356,0.8764044943820225,69,63,44,25,1.0,96
126443,울산 HD FC,수원FC,True,1,2,loss,10,0,1,12,41,12,0.08333333333333333,105,551,0.9092558983666061,68,62,29,22,1.0,104
126444,강원FC,광주FC,True,3,2,win,13,0,3,10,23,8,0.5,61,319,0.8401253918495298,77,48,36,24,1.0,73
126445,포항 스틸러스,대구FC,True,1,2,loss,21,0,1,13,48,16,0.1875,111,547,0.903107861060329,73,69,23,18,1.0,56
126446,인천 유나이티드,전북 현대 모터스,True,0,1,loss,11,0,0,13,49,25,0.16,103,481,0.8440748440748441,93,87,37,21,1.0,84
126447,FC서울,강원FC,True,2,0,win,16,0,2,11,24,11,0.18181818181818182,78,319,0.8025078369905956,80,82,60,25,1.0,84
126450,김천 상무 프로축구단,대전 하나 시티즌,True,2,2,draw,22,0,2,12,30,17,0.17647058823529413,84,396,0.8409090909090909,54,87,36,22,1.0,36
126449,수원FC,제주SK FC,True,5,0,win,18,0,5,14,35,8,0.25,110,516,0.8817829457364341,103,63,34,17,1.0,58
126448,광주FC,울산 HD FC,True,0,1,loss,14,0,0,15,29,12,0.16666666666666666,118,465,0.9096774193548387,80,72,31,25,1.0,122
126451,울산 HD FC,포항 스틸러스,True,5,4,win,18,0,4,7,30,17,0.17647058823529413,91,378,0.8624338624338624,69,61,35,21,1.0,73
126452,대구FC,인천 유나이티드,True,1,2,loss,14,0,1,7,13,8,0.25,67,292,0.7808219178082192,54,70,48,26,1.0,60
126453,제주SK FC,김천 상무 프로축구단,True,1,0,win,8,0,0,8,21,14,0.2857142857142857,57,330,0.8272727272727273,50,69,41,22,1.0,72
126456,강원FC,수원FC,True,2,2,draw,5,0,1,6,25,9,0.2222222222222222,83,445,0.8584269662921349,59,61,36,13,1.0,95
126454,전북 현대 모터스,FC서울,True,0,0,draw,10,0,0,11,39,13,0.3076923076923077,97,515,0.8737864077669902,79,79,25,25,1.0,70
126455,대전 하나 시티즌,광주FC,True,2,0,win,13,0,2,2,14,4,0.25,44,264,0.803030303030303,54,66,35,44,1.0,73
126458,광주FC,포항 스틸러스,True,2,1,win,12,0,2,9,26,9,0.1111111111111111,83,426,0.852112676056338,85,72,39,31,1.0,76
126457,울산 HD FC,강원FC,True,2,0,win,6,0,2,3,14,7,0.42857142857142855,64,362,0.8176795580110497,63,59,36,18,1.0,103
126459,FC서울,대전 하나 시티즌,True,2,3,loss,14,0,2,10,35,15,0.26666666666666666,90,399,0.8671679197994987,53,78,34,17,1.0,71
126461,수원FC,전북 현대 모터스,True,0,6,loss,7,0,0,11,26,25,0.16,94,418,0.854066985645933,75,61,28,18,1.0,86
126460,제주SK FC,대구FC,True,0,4,loss,14,0,0,10,33,17,0.23529411764705882,93,489,0.8793456032719836,69,77,29,26,1.0,46
126462,김천 상무 프로축구단,인천 유나이티드,True,2,0,win,12,0,2,13,26,16,0.25,88,404,0.8242574257425742,64,91,42,35,1.0,70
126463,수원FC,김천 상무 프로축구단,True,2,4,loss,8,0,2,8,36,15,0.13333333333333333,99,498,0.8634538152610441,89,75,35,14,1.0,86
126464,대구FC,FC서울,True,1,1,draw,6,0,1,11,23,13,0.3076923076923077,82,387,0.8552971576227391,79,70,41,17,1.0,70
126466,광주FC,제주SK FC,True,0,2,loss,6,0,0,7,26,14,0.14285714285714285,87,429,0.8578088578088578,90,79,45,25,1.0,72
126465,포항 스틸러스,강원FC,True,2,1,win,4,0,1,6,23,9,0.2222222222222222,57,310,0.8129032258064516,70,69,34,34,1.0,66
126468,대전 하나 시티즌,전북 현대 모터스,True,0,0,draw,8,0,0,10,33,17,0.11764705882352941,85,468,0.8632478632478633,57,73,31,21,1.0,106
126467,인천 유나이티드,울산 HD FC,True,0,0,draw,5,0,0,2,15,9,0.2222222222222222,48,260,0.7730769230769231,56,82,32,25,1.0,59
126470,대전 하나 시티즌,울산 HD FC,True,0,1,loss,10,0,0,15,29,14,0.35714285714285715,83,424,0.8042452830188679,80,93,29,26,1.0,83
126469,포항 스틸러스,인천 유나이티드,True,1,0,win,15,0,0,9,20,16,0.125,89,443,0.873589164785553,70,76,38,24,1.0,80
126471,강원FC,대구FC,True,1,1,draw,6,0,0,9,38,14,0.07142857142857142,101,471,0.8768577494692145,77,59,30,13,1.0,69
126472,전북 현대 모터스,제주SK FC,True,2,1,win,13,0,2,16,36,16,0.125,94,511,0.8786692759295499,84,79,33,20,1.0,54
126473,김천 상무 프로축구단,광주FC,True,2,0,win,11,0,2,11,25,13,0.07692307692307693,67,376,0.7978723404255319,55,91,29,30,1.0,49
126474,FC서울,수원FC,True,1,0,win,13,0,1,13,27,15,0.13333333333333333,83,398,0.8241206030150754,65,91,41,28,1.0,85
126475,울산 HD FC,김천 상무 프로축구단,True,2,1,win,6,0,2,22,30,10,0.3,85,530,0.8056603773584906,92,95,43,23,1.0,117
126477,대구FC,전북 현대 모터스,True,4,3,win,12,0,4,4,12,10,0.4,80,377,0.8249336870026526,77,72,52,29,1.0,103
126476,광주FC,FC서울,True,3,1,win,12,0,3,7,26,12,0.08333333333333333,71,382,0.8350785340314136,68,74,38,34,1.0,88
126478,인천 유나이티드,강원FC,True,1,3,loss,2,0,1,2,10,15,0.06666666666666667,40,365,0.8027397260273973,53,73,30,12,1.0,86
126479,제주SK FC,대전 하나 시티즌,True,2,1,win,27,0,2,13,27,22,0.18181818181818182,84,386,0.8290155440414507,66,84,39,23,1.0,47
126480,포항 스틸러스,수원FC,True,1,1,draw,7,0,1,10,30,13,0.07692307692307693,83,458,0.868995633187773,63,75,27,18,1.0,94
126283,포항 스틸러스,울산 HD FC,False,0,1,loss,5,0,0,10,24,14,0.14285714285714285,58,431,0.8329466357308585,68,70,42,25,1.0,40
126284,대전 하나 시티즌,전북 현대 모터스,False,1,1,draw,7,0,1,6,14,8,0.25,43,308,0.7467532467532467,56,93,51,19,1.0,51
126285,FC서울,광주FC,False,0,2,loss,10,0,0,16,21,29,0.2413793103448276,55,450,0.84,81,84,34,36,1.0,52
126286,수원FC,인천 유나이티드,False,1,0,win,3,0,0,8,30,14,0.0,68,403,0.826302729528536,84,77,56,28,1.0,29
126287,제주SK FC,강원FC,False,1,1,draw,11,0,1,19,27,15,0.2,57,425,0.8329411764705882,76,104,49,29,1.0,50
126288,김천 상무 프로축구단,대구FC,False,1,0,win,7,0,1,12,15,9,0.2222222222222222,46,438,0.8264840182648402,64,74,56,36,1.0,56
126289,전북 현대 모터스,수원FC,False,1,1,draw,9,0,1,9,10,13,0.23076923076923078,29,218,0.7752293577981652,54,75,46,30,1.0,28
126290,대구FC,포항 스틸러스,False,1,3,loss,10,0,1,3,17,20,0.25,39,346,0.8208092485549133,56,72,40,38,1.0,52
126291,울산 HD FC,김천 상무 프로축구단,False,3,2,win,7,0,3,27,33,9,0.4444444444444444,84,414,0.8502415458937198,69,62,50,43,1.0,37
126292,대전 하나 시티즌,제주SK FC,False,1,3,loss,8,0,1,17,31,15,0.2,63,414,0.785024154589372,101,92,36,29,1.0,42
126294,인천 유나이티드,FC서울,False,0,0,draw,14,0,0,7,21,14,0.07142857142857142,52,389,0.8431876606683805,45,92,40,28,1.0,37
126293,강원FC,광주FC,False,2,4,loss,14,0,1,33,34,10,0.1,102,446,0.852017937219731,83,87,21,38,1.0,45
126295,강원FC,대전 하나 시티즌,False,1,1,draw,8,0,1,10,26,9,0.1111111111111111,76,583,0.8970840480274442,88,78,38,23,1.0,42
126296,수원FC,대구FC,False,1,1,draw,18,0,1,4,18,21,0.23809523809523808,75,619,0.9127625201938611,74,79,28,26,1.0,89
126297,제주SK FC,FC서울,False,0,2,loss,9,0,0,7,23,6,0.0,53,400,0.8075,68,80,50,27,1.0,62
126299,전북 현대 모터스,김천 상무 프로축구단,False,0,1,loss,9,0,0,10,18,23,0.17391304347826086,51,500,0.832,94,97,35,21,1.0,63
126298,광주FC,포항 스틸러스,False,0,1,loss,4,0,0,11,13,11,0.0,56,467,0.9164882226980728,51,60,28,18,1.0,50
126300,인천 유나이티드,울산 HD FC,False,3,3,draw,12,0,2,13,24,6,0.0,58,353,0.8526912181303116,49,58,51,20,1.0,29
126302,대전 하나 시티즌,인천 유나이티드,False,0,2,loss,12,0,0,17,35,17,0.29411764705882354,78,499,0.8356713426853707,99,84,61,34,1.0,51
126301,울산 HD FC,전북 현대 모터스,False,2,2,draw,12,0,2,19,25,10,0.2,78,496,0.8588709677419355,82,77,42,20,1.0,68
126303,포항 스틸러스,제주SK FC,False,2,0,win,16,0,2,16,36,23,0.13043478260869565,87,551,0.8747731397459165,96,92,29,7,1.0,58
126304,김천 상무 프로축구단,수원FC,False,4,1,win,7,0,3,11,21,6,0.3333333333333333,35,314,0.8248407643312102,46,57,48,28,1.0,30
126305,FC서울,강원FC,False,1,1,draw,4,0,1,13,22,11,0.18181818181818182,50,401,0.8778054862842892,68,59,34,33,1.0,38
126306,대구FC,광주FC,False,2,1,win,13,0,2,5,8,24,0.16666666666666666,34,268,0.8134328358208955,55,87,44,43,1.0,46
126308,울산 HD FC,대전 하나 시티즌,False,0,2,loss,13,0,0,18,32,27,0.1111111111111111,91,594,0.9006734006734006,85,87,25,14,1.0,90
126307,수원FC,포항 스틸러스,False,1,1,draw,14,0,1,1,19,10,0.2,40,264,0.8446969696969697,49,74,47,17,1.0,22
126312,대구FC,강원FC,False,0,3,loss,7,0,0,12,18,14,0.14285714285714285,38,320,0.790625,76,81,33,27,1.0,59
126309,인천 유나이티드,광주FC,False,3,2,win,8,0,3,7,23,10,0.3,39,268,0.7835820895522388,65,79,46,20,1.0,20
126311,전북 현대 모터스,제주SK FC,False,0,2,loss,12,0,0,9,19,29,0.20689655172413793,45,387,0.7881136950904393,70,98,44,33,1.0,58
126310,김천 상무 프로축구단,FC서울,False,1,5,loss,12,0,1,14,39,13,0.07692307692307693,79,508,0.8759842519685039,67,79,40,27,1.0,57
126313,수원FC,울산 HD FC,False,0,3,loss,8,0,0,6,20,7,0.14285714285714285,44,363,0.8292011019283747,62,66,46,33,1.0,44
126314,제주SK FC,인천 유나이티드,False,1,0,win,13,0,1,8,12,17,0.17647058823529413,34,402,0.746268656716418,68,125,61,26,1.0,55
126315,광주FC,김천 상무 프로축구단,False,1,2,loss,4,0,0,17,23,5,0.4,45,324,0.8148148148148148,53,78,39,21,1.0,31
126317,FC서울,대구FC,False,0,0,draw,5,0,0,5,24,25,0.04,76,718,0.9303621169916435,86,64,29,23,1.0,93
126316,강원FC,전북 현대 모터스,False,3,2,win,9,0,2,22,40,9,0.2222222222222222,88,465,0.8924731182795699,74,70,32,16,1.0,39
126318,포항 스틸러스,대전 하나 시티즌,False,2,1,win,12,0,2,6,15,17,0.17647058823529413,75,593,0.893760539629005,79,72,39,22,1.0,84
126320,포항 스틸러스,FC서울,False,4,2,win,6,0,4,17,15,17,0.11764705882352941,44,372,0.8790322580645161,76,66,39,27,1.0,42
126319,광주FC,전북 현대 모터스,False,1,2,loss,12,0,1,16,28,17,0.11764705882352941,56,468,0.8525641025641025,53,74,26,35,1.0,60
126321,강원FC,울산 HD FC,False,0,4,loss,6,0,0,22,38,5,0.2,88,507,0.8994082840236687,70,53,21,19,1.0,40
126322,김천 상무 프로축구단,제주SK FC,False,2,0,win,14,0,2,18,24,18,0.3888888888888889,59,423,0.8108747044917257,99,105,54,25,1.0,50
126323,대전 하나 시티즌,수원FC,False,0,1,loss,6,0,0,13,23,17,0.11764705882352941,68,544,0.8713235294117647,78,79,26,21,1.0,68
126324,대구FC,인천 유나이티드,False,1,1,draw,7,0,1,11,26,17,0.17647058823529413,48,428,0.8481308411214953,56,94,27,14,1.0,46
126326,제주SK FC,수원FC,False,1,2,loss,10,0,1,2,9,18,0.2777777777777778,22,286,0.7832167832167832,47,72,59,48,1.0,37
126327,김천 상무 프로축구단,포항 스틸러스,False,0,0,draw,10,0,0,10,15,8,0.25,50,451,0.8536585365853658,63,71,53,33,1.0,38
126328,전북 현대 모터스,FC서울,False,3,2,win,11,0,3,15,22,15,0.2,53,377,0.8169761273209549,69,76,42,42,1.0,47
126329,인천 유나이티드,강원FC,False,1,4,loss,12,0,1,9,41,17,0.11764705882352941,76,599,0.8831385642737897,67,80,20,19,1.0,48
126330,대전 하나 시티즌,대구FC,False,0,0,draw,17,0,0,10,18,17,0.058823529411764705,54,388,0.8247422680412371,68,81,46,37,1.0,44
126331,FC서울,대전 하나 시티즌,False,1,3,loss,8,0,1,10,26,14,0.2857142857142857,57,484,0.8574380165289256,95,77,22,17,1.0,53
126333,강원FC,김천 상무 프로축구단,False,0,1,loss,6,0,0,15,18,5,0.2,56,360,0.8277777777777777,77,81,31,22,1.0,47
126332,수원FC,광주FC,False,2,1,win,12,0,2,13,29,11,0.09090909090909091,72,341,0.8797653958944281,79,48,49,36,1.0,42
126334,인천 유나이티드,포항 스틸러스,False,0,0,draw,13,0,0,14,13,23,0.2608695652173913,54,514,0.9046692607003891,54,66,35,36,1.0,68
126335,대구FC,전북 현대 모터스,False,2,2,draw,24,0,2,11,22,16,0.125,57,487,0.8501026694045175,61,93,26,19,1.0,71
126336,제주SK FC,울산 HD FC,False,1,3,loss,15,0,1,12,19,14,0.21428571428571427,51,453,0.8300220750551877,84,97,37,30,1.0,59
126337,김천 상무 프로축구단,대전 하나 시티즌,False,0,0,draw,11,0,0,12,22,15,0.13333333333333333,45,446,0.8632286995515696,64,76,45,15,1.0,57
126338,FC서울,수원FC,False,2,0,win,6,0,2,15,29,11,0.18181818181818182,68,412,0.8640776699029126,62,71,39,21,1.0,37
126342,포항 스틸러스,강원FC,False,4,2,win,11,0,4,16,24,8,0.125,57,351,0.7891737891737892,80,94,36,15,1.0,36
126341,광주FC,제주SK FC,False,3,1,win,7,0,1,19,31,14,0.2857142857142857,74,453,0.8388520971302428,83,92,48,26,1.0,36
126340,전북 현대 모터스,인천 유나이티드,False,0,3,loss,8,0,0,10,37,21,0.09523809523809523,89,582,0.8831615120274914,90,71,27,24,1.0,53
126339,울산 HD FC,대구FC,False,2,1,win,9,0,2,17,32,13,0.15384615384615385,76,540,0.8425925925925926,92,78,47,35,1.0,62
126343,울산 HD FC,FC서울,False,1,0,win,8,0,0,21,30,15,0.13333333333333333,94,614,0.8990228013029316,113,58,40,12,1.0,48
126344,전북 현대 모터스,포항 스틸러스,False,0,1,loss,9,0,0,9,26,13,0.38461538461538464,60,414,0.8285024154589372,75,72,42,29,1.0,35
126345,강원FC,수원FC,False,2,1,win,5,0,2,4,23,11,0.18181818181818182,51,303,0.8316831683168316,51,62,42,45,1.0,32
126346,인천 유나이티드,김천 상무 프로축구단,False,2,2,draw,13,0,1,8,19,22,0.3181818181818182,62,453,0.8344370860927153,89,74,35,26,1.0,62
126347,대구FC,제주SK FC,False,0,1,loss,13,0,0,17,27,15,0.13333333333333333,57,451,0.8093126385809313,88,99,43,34,1.0,45
126348,대전 하나 시티즌,광주FC,False,1,2,loss,11,0,1,16,38,10,0.1,88,392,0.8010204081632653,84,90,34,23,1.0,37
126349,FC서울,인천 유나이티드,False,2,1,win,12,0,2,6,35,18,0.2222222222222222,80,561,0.8627450980392157,89,80,45,23,1.0,57
126350,광주FC,대구FC,False,2,3,loss,17,0,2,12,30,18,0.16666666666666666,76,464,0.8879310344827587,80,70,29,20,1.0,75
126351,대전 하나 시티즌,강원FC,False,3,3,draw,10,0,2,15,23,14,0.21428571428571427,50,368,0.7989130434782609,68,96,33,28,1.0,34
126352,수원FC,전북 현대 모터스,False,3,2,win,23,0,3,13,17,35,0.17142857142857143,57,494,0.9089068825910931,81,83,35,34,0.9666666666666667,87
126354,제주SK FC,포항 스틸러스,False,1,1,draw,21,0,1,7,16,33,0.21212121212121213,50,521,0.8848368522072937,90,83,41,33,1.0,88
126353,김천 상무 프로축구단,울산 HD FC,False,2,2,draw,12,0,1,11,22,24,0.16666666666666666,55,471,0.8704883227176221,74,78,31,21,1.0,53
126325,울산 HD FC,광주FC,False,1,2,loss,9,0,1,26,34,20,0.25,102,526,0.8688212927756654,104,71,28,35,1.0,53
126355,인천 유나이티드,대전 하나 시티즌,False,1,0,win,6,0,1,9,22,9,0.2222222222222222,55,415,0.8192771084337349,57,85,28,14,1.0,42
126357,제주SK FC,김천 상무 프로축구단,False,0,1,loss,12,0,0,12,17,20,0.3,45,393,0.8269720101781171,69,94,36,28,1.0,72
126358,대구FC,FC서울,False,2,1,win,12,0,1,13,17,10,0.2,45,353,0.7903682719546742,67,85,43,17,1.0,33
126359,울산 HD FC,강원FC,False,0,1,loss,12,0,0,9,42,34,0.029411764705882353,97,725,0.9186206896551724,96,85,26,22,1.0,80
126356,전북 현대 모터스,광주FC,False,3,0,win,7,0,2,18,18,9,0.2222222222222222,68,359,0.8217270194986073,73,65,29,20,1.0,27
126360,포항 스틸러스,수원FC,False,0,1,loss,22,0,0,9,27,40,0.2,73,571,0.9019264448336253,84,100,26,23,1.0,72
126361,김천 상무 프로축구단,전북 현대 모터스,False,0,0,draw,21,0,0,14,17,19,0.21052631578947367,65,463,0.8984881209503239,69,72,30,14,1.0,76
126362,대전 하나 시티즌,울산 HD FC,False,1,4,loss,2,0,1,20,23,6,0.3333333333333333,59,326,0.8190184049079755,68,77,46,31,1.0,40
126364,광주FC,인천 유나이티드,False,1,1,draw,13,0,1,15,34,7,0.5714285714285714,97,556,0.8992805755395683,96,64,38,23,1.0,53
126363,FC서울,포항 스틸러스,False,2,2,draw,12,0,2,11,26,17,0.4117647058823529,76,562,0.8932384341637011,84,63,30,24,1.0,78
126365,강원FC,대구FC,False,2,1,win,13,0,2,18,38,9,0.1111111111111111,83,425,0.8682352941176471,75,71,44,28,1.0,52
126366,수원FC,제주SK FC,False,0,1,loss,8,0,0,7,19,20,0.1,50,500,0.846,88,87,41,20,1.0,63
126368,FC서울,김천 상무 프로축구단,False,0,0,draw,11,0,0,21,31,16,0.1875,79,457,0.8818380743982495,81,70,33,25,1.0,55
126367,포항 스틸러스,광주FC,False,1,0,win,5,0,1,20,21,9,0.0,58,305,0.8229508196721311,71,58,39,22,1.0,24
126369,울산 HD FC,인천 유나이티드,False,1,1,draw,5,0,1,19,39,20,0.25,93,599,0.8948247078464107,88,75,28,22,1.0,62
126372,전북 현대 모터스,강원FC,False,1,2,loss,3,0,1,21,41,10,0.3,107,522,0.8773946360153256,95,64,31,26,1.0,32
126370,제주SK FC,대전 하나 시티즌,False,1,0,win,9,0,1,9,19,5,0.0,41,374,0.820855614973262,52,85,46,31,1.0,51
126371,대구FC,수원FC,False,0,2,loss,9,0,0,15,31,20,0.05,68,570,0.8947368421052632,76,78,31,38,1.0,65
126373,전북 현대 모터스,울산 HD FC,False,0,1,loss,10,0,0,13,24,14,0.21428571428571427,73,477,0.8616352201257862,89,67,35,27,1.0,37
126375,포항 스틸러스,김천 상무 프로축구단,False,1,3,loss,10,0,0,22,31,12,0.4166666666666667,77,456,0.8596491228070176,87,55,35,25,1.0,33
126374,인천 유나이티드,수원FC,False,1,3,loss,7,0,0,7,24,21,0.0,76,577,0.8942807625649913,61,68,35,32,1.0,76
126376,대구FC,대전 하나 시티즌,False,0,1,loss,12,0,0,6,13,24,0.375,45,490,0.8877551020408163,92,76,40,10,1.0,63
126377,강원FC,제주SK FC,False,2,1,win,12,0,2,21,27,6,0.16666666666666666,70,413,0.847457627118644,73,66,49,22,1.0,30
126378,광주FC,FC서울,False,2,1,win,9,0,2,13,33,12,0.08333333333333333,80,407,0.9213759213759214,74,56,38,16,1.0,51
126379,대전 하나 시티즌,포항 스틸러스,False,1,1,draw,5,0,0,13,32,13,0.15384615384615385,81,423,0.8557919621749409,73,75,28,12,1.0,44
126380,김천 상무 프로축구단,광주FC,False,0,2,loss,10,0,0,16,24,16,0.1875,54,307,0.8273615635179153,74,54,27,42,1.0,34
126381,수원FC,강원FC,False,1,3,loss,11,0,1,14,33,14,0.35714285714285715,91,589,0.8947368421052632,96,72,28,15,1.0,81
126383,인천 유나이티드,전북 현대 모터스,False,2,2,draw,18,0,2,8,27,21,0.42857142857142855,74,489,0.8936605316973415,64,64,21,12,1.0,49
126382,FC서울,울산 HD FC,False,2,2,draw,12,0,2,9,33,14,0.42857142857142855,85,600,0.8733333333333333,87,73,33,24,1.0,78
126384,제주SK FC,대구FC,False,0,1,loss,11,0,0,14,23,13,0.07692307692307693,51,489,0.8670756646216768,65,73,44,30,1.0,69
126385,전북 현대 모터스,대구FC,False,0,3,loss,8,0,0,11,27,17,0.11764705882352941,76,534,0.8539325842696629,82,70,26,38,1.0,69
126387,김천 상무 프로축구단,강원FC,False,3,2,win,14,0,3,12,19,17,0.29411764705882354,42,332,0.8132530120481928,61,74,34,21,1.0,60
126386,광주FC,대전 하나 시티즌,False,1,2,loss,7,0,1,10,20,10,0.2,87,526,0.9182509505703422,78,54,35,4,1.0,52
126388,수원FC,FC서울,False,0,3,loss,15,0,0,9,23,12,0.08333333333333333,57,510,0.8921568627450981,67,65,27,18,1.0,71
126390,울산 HD FC,제주SK FC,False,3,2,win,12,0,3,12,23,11,0.09090909090909091,62,540,0.8944444444444445,97,68,27,18,1.0,68
126389,포항 스틸러스,인천 유나이티드,False,3,1,win,18,0,3,25,50,17,0.47058823529411764,125,701,0.9258202567760342,137,78,20,16,1.0,67
126392,대전 하나 시티즌,김천 상무 프로축구단,False,0,2,loss,4,0,0,20,27,12,0.0,84,437,0.8695652173913043,90,68,34,13,1.0,39
126391,광주FC,수원FC,False,0,1,loss,8,0,0,8,25,31,0.16129032258064516,78,472,0.8961864406779662,81,71,23,24,1.0,80
126393,대구FC,울산 HD FC,False,0,1,loss,11,0,0,13,29,17,0.47058823529411764,52,481,0.8357588357588358,88,80,33,19,1.0,64
126396,인천 유나이티드,제주SK FC,False,0,1,loss,8,0,0,12,34,9,0.2222222222222222,74,474,0.8755274261603375,64,67,28,22,1.0,41
126395,강원FC,FC서울,False,0,2,loss,9,0,0,12,21,7,0.14285714285714285,57,343,0.8746355685131195,55,59,29,32,1.0,46
126394,포항 스틸러스,전북 현대 모터스,False,1,1,draw,9,0,1,8,31,21,0.23809523809523808,79,599,0.9248747913188647,79,59,30,22,1.0,52
126397,대구FC,김천 상무 프로축구단,False,0,2,loss,14,0,0,5,12,23,0.13043478260869565,39,379,0.7968337730870713,72,91,38,32,1.0,72
126398,FC서울,전북 현대 모터스,False,5,1,win,14,0,5,17,33,9,0.4444444444444444,86,521,0.8963531669865643,88,59,35,30,1.0,45
126399,수원FC,대전 하나 시티즌,False,2,0,win,13,0,2,6,35,10,0.1,104,619,0.9111470113085622,75,66,38,21,1.0,60
126400,울산 HD FC,포항 스틸러스,False,1,2,loss,9,0,0,5,24,16,0.125,57,496,0.9112903225806451,72,63,23,25,1.0,59
126402,강원FC,인천 유나이티드,False,1,0,win,17,0,1,14,20,21,0.047619047619047616,88,509,0.9214145383104125,95,69,25,14,1.0,72
126401,제주SK FC,광주FC,False,1,2,loss,10,0,1,14,26,13,0.23076923076923078,60,328,0.8475609756097561,78,65,34,39,1.0,21
126403,김천 상무 프로축구단,인천 유나이티드,False,1,1,draw,14,0,1,8,13,23,0.34782608695652173,54,471,0.8895966029723992,82,78,28,20,1.0,72
126404,울산 HD FC,수원FC,False,1,1,draw,7,0,1,11,32,20,0.1,100,697,0.9081779053084649,108,70,22,8,1.0,91
126405,FC서울,제주SK FC,False,2,3,loss,17,0,2,11,21,16,0.3125,81,655,0.8977099236641222,101,77,33,22,1.0,86
126406,포항 스틸러스,대구FC,False,3,3,draw,10,0,3,15,31,15,0.3333333333333333,75,573,0.9144851657940664,87,58,35,25,1.0,72
126408,광주FC,강원FC,False,0,2,loss,12,0,0,19,20,25,0.16,60,409,0.8728606356968215,81,71,21,24,1.0,68
126407,전북 현대 모터스,대전 하나 시티즌,False,2,2,draw,6,0,2,2,23,9,0.1111111111111111,57,508,0.8917322834645669,68,61,37,28,1.0,37
126410,수원FC,김천 상무 프로축구단,False,3,2,win,12,0,2,3,13,9,0.3333333333333333,37,285,0.7964912280701755,64,78,45,15,1.0,55
126409,인천 유나이티드,대구FC,False,0,0,draw,8,0,0,9,18,6,0.16666666666666666,52,490,0.8551020408163266,72,89,53,20,1.0,32
126412,강원FC,포항 스틸러스,False,0,2,loss,7,0,0,10,23,10,0.0,74,524,0.9198473282442748,56,53,26,16,1.0,63
126414,대전 하나 시티즌,FC서울,False,1,2,loss,8,0,1,17,23,13,0.38461538461538464,65,413,0.8401937046004843,64,72,27,21,1.0,37
126413,제주SK FC,전북 현대 모터스,False,1,2,loss,11,0,1,9,31,18,0.3333333333333333,76,569,0.8734622144112478,97,77,26,28,1.0,64
126411,광주FC,울산 HD FC,False,1,0,win,17,0,1,10,18,15,0.13333333333333333,61,362,0.9033149171270718,58,66,43,31,1.0,73
126415,FC서울,울산 HD FC,False,0,1,loss,7,0,0,7,13,15,0.3333333333333333,48,420,0.8666666666666667,62,77,29,27,1.0,73
126416,강원FC,대전 하나 시티즌,False,1,1,draw,8,0,1,12,27,18,0.16666666666666666,68,508,0.8720472440944882,75,73,31,18,1.0,64
126417,포항 스틸러스,제주SK FC,False,1,2,loss,8,0,1,18,38,10,0.3,77,449,0.8752783964365256,70,52,24,28,1.0,31
126419,대구FC,수원FC,False,2,2,draw,11,0,2,5,12,14,0.42857142857142855,34,311,0.8520900321543409,50,69,36,28,1.0,49
126420,전북 현대 모터스,김천 상무 프로축구단,False,0,4,loss,4,0,0,8,15,9,0.1111111111111111,34,242,0.78099173553719,52,55,33,20,1.0,29
126418,인천 유나이티드,광주FC,False,2,0,win,10,0,1,20,24,13,0.15384615384615385,71,429,0.8461538461538461,90,64,39,31,1.0,17
126421,울산 HD FC,전북 현대 모터스,False,0,2,loss,8,0,0,18,30,13,0.3076923076923077,72,470,0.8531914893617021,101,70,30,17,1.0,41
126422,제주SK FC,강원FC,False,0,4,loss,11,0,0,7,32,13,0.38461538461538464,58,491,0.879837067209776,60,68,27,18,1.0,49
126426,포항 스틸러스,대전 하나 시티즌,False,2,1,win,7,0,2,20,31,9,0.3333333333333333,77,480,0.8645833333333334,82,56,31,35,1.0,28
126424,광주FC,대구FC,False,1,0,win,8,0,0,15,23,9,0.1111111111111111,60,404,0.8935643564356436,69,56,33,27,1.0,52
126423,수원FC,인천 유나이티드,False,4,1,win,12,0,4,14,18,4,0.5,44,355,0.8394366197183099,65,51,38,21,1.0,35
126425,김천 상무 프로축구단,FC서울,False,0,1,loss,9,0,0,8,22,16,0.125,54,484,0.8863636363636364,68,59,21,24,1.0,58
126428,전북 현대 모터스,강원FC,False,2,4,loss,5,0,1,6,31,18,0.1111111111111111,67,474,0.8860759493670886,77,67,24,33,1.0,58
126427,울산 HD FC,제주SK FC,False,0,1,loss,11,0,0,11,33,22,0.13636363636363635,70,520,0.8884615384615384,76,84,24,21,1.0,58
126429,수원FC,광주FC,False,0,1,loss,12,0,0,17,31,19,0.21052631578947367,77,493,0.8762677484787018,94,63,33,20,1.0,77
126431,FC서울,인천 유나이티드,False,1,0,win,8,0,1,11,23,7,0.5714285714285714,64,421,0.838479809976247,78,65,42,34,1.0,43
126430,대전 하나 시티즌,대구FC,False,1,1,draw,9,0,1,11,23,13,0.15384615384615385,57,445,0.8921348314606742,63,67,25,21,1.0,46
126432,김천 상무 프로축구단,포항 스틸러스,False,2,1,win,12,0,1,4,13,10,0.2,37,300,0.8266666666666667,59,80,38,26,1.0,51
126434,강원FC,김천 상무 프로축구단,False,2,1,win,7,0,2,9,24,17,0.11764705882352941,71,459,0.8954248366013072,69,58,35,14,1.0,50
126433,광주FC,전북 현대 모터스,False,1,0,win,7,0,1,33,31,8,0.125,78,416,0.9134615384615384,84,55,40,21,1.0,41
126435,대구FC,울산 HD FC,False,0,1,loss,12,0,0,7,13,22,0.13636363636363635,34,317,0.8012618296529969,73,94,33,17,1.0,68
126436,인천 유나이티드,제주SK FC,False,1,0,win,11,0,1,8,35,17,0.17647058823529413,68,523,0.8776290630975143,92,72,31,26,1.0,49
126437,대전 하나 시티즌,수원FC,False,2,1,win,11,0,1,7,28,7,0.2857142857142857,57,365,0.8273972602739726,64,75,51,24,1.0,26
126438,FC서울,포항 스틸러스,False,2,1,win,9,0,2,4,8,6,0.0,42,313,0.8306709265175719,62,63,47,36,1.0,26
126439,김천 상무 프로축구단,대구FC,False,0,3,loss,20,0,0,6,11,28,0.21428571428571427,36,402,0.845771144278607,39,84,18,16,1.0,80
126440,제주SK FC,FC서울,False,0,1,loss,13,0,0,8,30,15,0.13333333333333333,64,447,0.8456375838926175,74,82,37,21,1.0,70
126441,포항 스틸러스,전북 현대 모터스,False,1,2,loss,6,0,0,21,27,22,0.045454545454545456,72,518,0.8861003861003861,78,65,29,27,1.0,55
126442,인천 유나이티드,대전 하나 시티즌,False,1,2,loss,15,0,1,9,38,25,0.12,78,578,0.9134948096885813,80,73,23,9,1.0,60
126443,수원FC,울산 HD FC,False,2,1,win,17,0,2,9,18,7,0.5714285714285714,63,326,0.8067484662576687,59,71,33,21,1.0,57
126444,광주FC,강원FC,False,2,3,loss,12,0,0,23,26,19,0.10526315789473684,84,507,0.9230769230769231,70,64,24,15,1.0,86
126445,대구FC,포항 스틸러스,False,2,1,win,7,0,2,4,11,11,0.18181818181818182,31,276,0.8333333333333334,52,60,37,15,1.0,34
126446,전북 현대 모터스,인천 유나이티드,False,1,0,win,7,0,1,10,17,11,0.36363636363636365,37,345,0.782608695652174,61,81,50,27,1.0,53
126447,강원FC,FC서울,False,0,2,loss,13,0,0,18,28,27,0.25925925925925924,71,508,0.8405511811023622,76,106,18,31,1.0,79
126450,대전 하나 시티즌,김천 상무 프로축구단,False,2,2,draw,15,0,1,14,24,9,0.3333333333333333,50,363,0.8209366391184573,56,62,38,18,1.0,47
126449,제주SK FC,수원FC,False,0,5,loss,11,0,0,13,31,15,0.2,65,443,0.8848758465011287,61,55,27,23,1.0,48
126448,울산 HD FC,광주FC,False,1,0,win,15,0,1,1,11,15,0.26666666666666666,24,265,0.7660377358490567,45,71,26,29,1.0,47
126451,포항 스틸러스,울산 HD FC,False,4,5,loss,9,0,4,14,20,14,0.2857142857142857,54,336,0.8363095238095238,74,59,26,17,1.0,42
126452,인천 유나이티드,대구FC,False,2,1,win,14,0,2,8,21,21,0.2857142857142857,62,491,0.8513238289205702,79,89,30,32,1.0,67
126453,김천 상무 프로축구단,제주SK FC,False,0,1,loss,19,0,0,6,18,20,0.25,45,417,0.8369304556354916,71,74,36,38,1.0,90
126456,수원FC,강원FC,False,2,2,draw,11,0,2,14,27,18,0.2777777777777778,71,401,0.8229426433915212,90,85,23,15,1.0,61
126454,FC서울,전북 현대 모터스,False,0,0,draw,6,0,0,19,17,13,0.0,53,406,0.8325123152709359,80,73,31,12,1.0,48
126455,광주FC,대전 하나 시티즌,False,0,2,loss,11,0,0,8,32,7,0.42857142857142855,78,493,0.8823529411764706,73,73,25,19,1.0,72
126458,포항 스틸러스,광주FC,False,1,2,loss,4,0,1,23,30,10,0.2,75,374,0.8048128342245989,98,65,33,27,1.0,25
126457,강원FC,울산 HD FC,False,0,2,loss,9,0,0,13,31,14,0.07142857142857142,85,491,0.8778004073319755,64,72,27,20,1.0,57
126459,대전 하나 시티즌,FC서울,False,3,2,win,8,0,3,14,20,12,0.4166666666666667,52,317,0.7854889589905363,56,81,34,25,0.9615384615384616,48
126461,전북 현대 모터스,수원FC,False,6,0,win,14,0,5,12,17,17,0.23529411764705882,50,487,0.864476386036961,62,63,42,27,1.0,61
126460,대구FC,제주SK FC,False,4,0,win,17,0,4,13,25,8,0.25,47,325,0.8061538461538461,71,81,46,20,1.0,38
126462,인천 유나이티드,김천 상무 프로축구단,False,0,2,loss,16,0,0,7,15,16,0.1875,56,543,0.85451197053407,77,99,28,22,1.0,70
126463,김천 상무 프로축구단,수원FC,False,4,2,win,14,0,4,5,18,23,0.2608695652173913,42,395,0.8531645569620253,60,72,44,41,1.0,47
126464,FC서울,대구FC,False,1,1,draw,15,0,1,8,14,14,0.21428571428571427,43,522,0.8735632183908046,67,83,35,27,1.0,71
126466,제주SK FC,광주FC,False,2,0,win,14,0,2,6,14,20,0.3,38,349,0.7879656160458453,68,104,46,38,0.9428571428571428,57
126465,강원FC,포항 스틸러스,False,1,2,loss,10,0,1,10,27,17,0.17647058823529413,69,508,0.8740157480314961,84,81,25,20,1.0,63
126468,전북 현대 모터스,대전 하나 시티즌,False,0,0,draw,9,0,0,17,16,13,0.15384615384615385,44,334,0.7784431137724551,58,89,33,27,1.0,51
126467,울산 HD FC,인천 유나이티드,False,0,0,draw,14,0,0,6,28,24,0.041666666666666664,83,657,0.898021308980213,98,101,25,23,1.0,68
126470,울산 HD FC,대전 하나 시티즌,False,1,0,win,10,0,0,15,29,11,0.36363636363636365,62,397,0.8261964735516373,68,77,50,24,1.0,31
126469,인천 유나이티드,포항 스틸러스,False,0,1,loss,6,0,0,3,18,13,0.07692307692307693,40,373,0.8605898123324397,50,76,30,16,1.0,47
126471,대구FC,강원FC,False,1,1,draw,9,0,1,24,19,13,0.15384615384615385,50,355,0.8056338028169014,70,76,38,33,1.0,35
126472,제주SK FC,전북 현대 모터스,False,1,2,loss,3,0,0,15,23,8,0.375,50,367,0.8174386920980926,85,56,36,25,1.0,27
126473,광주FC,김천 상무 프로축구단,False,0,2,loss,7,0,0,15,39,10,0.3,82,500,0.866,75,92,49,28,1.0,58
126474,수원FC,FC서울,False,0,1,loss,4,0,0,12,21,8,0.25,57,372,0.7688172043010753,73,86,38,26,1.0,59
126475,김천 상무 프로축구단,울산 HD FC,False,1,2,loss,9,0,1,12,15,13,0.15384615384615385,49,407,0.7665847665847666,79,107,38,27,1.0,69
126477,전북 현대 모터스,대구FC,False,3,4,loss,17,0,3,17,32,22,0.3181818181818182,80,645,0.8790697674418605,83,98,30,26,1.0,98
126476,FC서울,광주FC,False,1,3,loss,6,0,1,14,25,7,0.0,52,356,0.7921348314606742,72,82,26,40,1.0,25
126478,강원FC,인천 유나이티드,False,3,1,win,16,0,3,14,41,13,0.15384615384615385,88,529,0.8790170132325141,92,67,38,15,1.0,70
126479,대전 하나 시티즌,제주SK FC,False,1,2,loss,2,0,0,16,19,17,0.0,48,394,0.8071065989847716,80,79,40,16,1.0,38
126480,수원FC,포항 스틸러스,False,1,1,draw,13,0,1,11,24,15,0.06666666666666667,62,434,0.8824884792626728,64,74,36,29,1.0,49
